filename,psnr_champ,psnr_adv,ssim_champ,ssim_adv,mae_champ,mae_adv,mse_champ,mse_adv,grad_mae_champ,grad_mae_adv,d_PSNR,d_SSIM,d_MAE,d_MSE,d_GradMAE
000001.npy,31.036494453775813,31.231755285357718,0.8443540590130091,0.8517032607209682,0.02056053653359413,0.02011268585920334,0.0007876813178882003,0.0007530510774813592,0.14501318,0.13722463,0.19526083158190488,0.007349201707959163,-0.00044785067439079285,-3.463024040684104e-05,-0.007788554
000021.npy,30.845892002604018,30.701640554362136,0.8470364180471972,0.847753517257899,0.01841053180396557,0.018761586397886276,0.0008230208186432719,0.0008508165483362973,0.13551776,0.13309233,-0.14425144824188152,0.0007170992107018437,0.0003510545939207077,2.779572969302535e-05,-0.0024254322
000034.npy,23.862985901686443,23.860522178915055,0.582498336406938,0.5806615226878121,0.04108782857656479,0.04146936163306236,0.0041086720302701,0.004111003130674362,0.33943462,0.33951443,-0.002463722771388177,-0.0018368137191259182,0.00038153305649757385,2.3311004042625427e-06,7.981062e-05
000064.npy,27.835707597963705,27.89219855804997,0.8742834634961002,0.8805299952664003,0.02587253972887993,0.024242348968982697,0.0016459976322948933,0.001624725991860032,0.17330584,0.17006496,0.05649096008626486,0.006246531770300101,-0.001630190759897232,-2.1271640434861183e-05,-0.0032408834
000095.npy,34.39018005954544,34.41014597948184,0.8489967911827564,0.8513705225841999,0.013427924364805222,0.013402024284005165,0.00036389994784258306,0.0003622308140620589,0.09917761,0.09765924,0.019965919936396404,0.0023737314014434796,-2.5900080800056458e-05,-1.6691337805241346e-06,-0.0015183687
000098.npy,28.52617322058141,28.59977223546421,0.7608520996430517,0.7608621868879795,0.02817469649016857,0.028103895485401154,0.0014040502719581127,0.0013804566115140915,0.19607878,0.19312833,0.0735990148828023,1.0087244927792227e-05,-7.080100476741791e-05,-2.3593660444021225e-05,-0.0029504448
000103.npy,31.55494188466493,32.14377720809839,0.7867476756330579,0.801817720821023,0.01979757472872734,0.01875302754342556,0.000699046126101166,0.0006104108761064708,0.12772006,0.11896771,0.5888353234334609,0.015070045187965064,-0.0010445471853017807,-8.863524999469519e-05,-0.008752346
000122.npy,29.025629185933404,29.047480391673712,0.8676147318289242,0.8711973577578663,0.020088426768779755,0.02060585469007492,0.0012515177950263023,0.001245236722752452,0.14309986,0.13928229,0.02185120574030819,0.003582625928942096,0.000517427921295166,-6.281072273850441e-06,-0.0038175732
000130.npy,23.43450977864689,23.46345074630247,0.785080792494921,0.792468122795403,0.05154280737042427,0.05122755840420723,0.004534704610705376,0.004504586104303598,0.44826055,0.44650838,0.028940967655579186,0.007387330300481998,-0.000315248966217041,-3.0118506401777267e-05,-0.0017521679
000146.npy,29.443051497571503,29.849519282856015,0.5423743076885342,0.5563873082099855,0.02620231732726097,0.025164075195789337,0.00113682821393013,0.001035256776958704,0.17835122,0.1693346,0.4064677852845122,0.014013000521451269,-0.001038242131471634,-0.00010157143697142601,-0.009016618
000160.npy,29.483737004378575,29.42366106654916,0.8692483750549406,0.8676380026093014,0.024496547877788544,0.02483707293868065,0.0011262280168011785,0.0011419152142480016,0.18116288,0.18158275,-0.060075937829417114,-0.0016103724456392188,0.0003405250608921051,1.568719744682312e-05,0.00041987002
000161.npy,29.607994239973326,29.523514493389385,0.8787390788527131,0.8774090175562501,0.023555640131235123,0.023814808577299118,0.001094461651518941,0.0011159598361700773,0.17736971,0.17965776,-0.0844797465839413,-0.0013300612964629588,0.00025916844606399536,2.14981846511364e-05,0.0022880435
000186.npy,30.715810894465335,30.682161068593253,0.8804247571213544,0.8779908261146545,0.019766144454479218,0.019993772730231285,0.0008480449905619025,0.0008546413155272603,0.14450164,0.14291108,-0.03364982587208232,-0.002433931006699863,0.00022762827575206757,6.5963249653577805e-06,-0.0015905648
000189.npy,24.07360959473784,23.92122674617965,0.7363582065021489,0.728793829625214,0.040557049214839935,0.041376881301403046,0.003914164379239082,0.0040539405308663845,0.34177798,0.347156,-0.15238284855819018,-0.007564376876934897,0.0008198320865631104,0.00013977615162730217,0.005378008
000197.npy,27.561958227881796,27.592398828572566,0.7551727970023323,0.7557406411311067,0.03277476131916046,0.03281649947166443,0.0017530896002426744,0.0017408451531082392,0.23431627,0.2323735,0.03044060069077048,0.0005678441287744196,4.1738152503967285e-05,-1.2244447134435177e-05,-0.0019427687
000200.npy,26.51438137839634,26.61096886239209,0.3694396907373592,0.3684327201606445,0.03663545846939087,0.036308653652668,0.0022313203662633896,0.0021822431590408087,0.2797943,0.27761117,0.09658748399575146,-0.0010069705767147274,-0.0003268048167228699,-4.907720722258091e-05,-0.0021831393
000201.npy,30.864837085421883,31.249426373743106,0.6914769308392853,0.7071460812876821,0.020918484777212143,0.020197667181491852,0.0008194383699446917,0.0007499932544305921,0.13871329,0.13023916,0.38458928832122297,0.015669150448396785,-0.0007208175957202911,-6.94451155140996e-05,-0.008474126
000202.npy,31.54194163891912,31.95672422872361,0.7264459256103327,0.7409056993003488,0.019313793629407883,0.018577029928565025,0.0007011417765170336,0.0006372760399244726,0.12634313,0.11877259,0.41478258980448857,0.014459773690016053,-0.0007367637008428574,-6.3865736592561e-05,-0.0075705424
000206.npy,20.84404716957057,20.858594711872215,0.681525195033083,0.680694992265037,0.06385286897420883,0.0638645738363266,0.00823370460420847,0.008206170052289963,0.5252336,0.5223559,0.014547542301645677,-0.0008302027680459068,1.1704862117767334e-05,-2.7534551918506622e-05,-0.0028777122
000241.npy,32.559462397043745,33.07370696405438,0.9207964866362587,0.9361109428855366,0.016840290278196335,0.013807295821607113,0.000554694386664778,0.0004927529953420162,0.067680575,0.059346937,0.5142445670106355,0.015314456249277963,-0.003032994456589222,-6.194139132276177e-05,-0.008333638
000253.npy,28.7301539946643,28.605882390712274,0.8263089210532156,0.8302693126356215,0.02142169326543808,0.021373316645622253,0.0013396291760727763,0.0013785158516839147,0.13485095,0.13063097,-0.12427160395202463,0.003960391582405909,-4.8376619815826416e-05,3.8886675611138344e-05,-0.004219979
000262.npy,27.14480054232766,27.120289489508394,0.804725246683646,0.8038725707474063,0.025762544944882393,0.02584630809724331,0.001929833902977407,0.0019407563377171755,0.21523899,0.21402395,-0.024511052819264023,-0.0008526759362397218,8.376315236091614e-05,1.0922434739768505e-05,-0.0012150407
000293.npy,25.79020805220308,25.811807841235602,0.32785359843877704,0.3188247703384757,0.04088699072599411,0.0408448800444603,0.002636205404996872,0.0026231263764202595,0.3103444,0.31003013,0.021599789032521244,-0.009028828100301312,-4.2110681533813477e-05,-1.3079028576612473e-05,-0.0003142655
000317.npy,23.534443638955963,23.50687302184134,0.5592267416968504,0.5654821527656497,0.04436570778489113,0.04414650797843933,0.004431549459695816,0.0044597722589969635,0.3301471,0.32490495,-0.027570617114623275,0.006255411068799344,-0.00021919980645179749,2.822279930114746e-05,-0.005242139
000330.npy,28.036833954100672,28.087669687645942,0.8009117975943089,0.812688621083498,0.02688656747341156,0.02657000720500946,0.001571508008055389,0.001553220208734274,0.23815098,0.23604429,0.050835733545270045,0.011776823489189181,-0.0003165602684020996,-1.8287799321115017e-05,-0.0021066964
000337.npy,34.83862729906216,35.27496692440743,0.9105030098939836,0.9202592670240403,0.012389819137752056,0.011970381252467632,0.00032819900661706924,0.00029682694002985954,0.08414692,0.07680139,0.43633962534526916,0.009756257130056678,-0.00041943788528442383,-3.13720665872097e-05,-0.0073455274
000378.npy,21.22489041247136,21.22817149163735,0.6956268352704551,0.693641624388006,0.05827636271715164,0.05836455523967743,0.007542423903942108,0.007536728400737047,0.4711489,0.46926093,0.003281079165990519,-0.0019852108824490733,8.819252252578735e-05,-5.695503205060959e-06,-0.0018879771
000379.npy,21.16313796536536,21.1858861310629,0.7129528870880101,0.714466202513311,0.05728651210665703,0.05767647549510002,0.0076504359021782875,0.0076104686595499516,0.45551658,0.4513535,0.022748165697539235,0.0015133154253009762,0.00038996338844299316,-3.996724262833595e-05,-0.0041630864
000391.npy,33.81641960322948,33.74152670195274,0.8818224960378408,0.8802526833699942,0.01265425980091095,0.012786324135959148,0.00041529626469127834,0.0004225200682412833,0.09621559,0.09548693,-0.07489290127673343,-0.001569812667846615,0.0001320643350481987,7.223803550004959e-06,-0.00072865933
000392.npy,29.682028356034202,29.851021316825705,0.8393734862478971,0.8504209297516943,0.020540058612823486,0.019889971241354942,0.0010759626748040318,0.0010348986834287643,0.16168435,0.15488505,0.1689929607915026,0.01104744350379716,-0.000650087371468544,-4.1063991375267506e-05,-0.0067992955
000397.npy,25.118077249972124,25.13879970336154,0.32863323316976545,0.3289275622697603,0.04408073425292969,0.04394257068634033,0.003077459055930376,0.003062809817492962,0.29290685,0.29038167,0.02072245338941414,0.0002943290999948278,-0.00013816356658935547,-1.464923843741417e-05,-0.0025251806
000400.npy,30.88514098740636,31.390130013064763,0.8976262571263314,0.909511546935916,0.018648598343133926,0.01752474531531334,0.0008156163385137916,0.0007260841666720808,0.10492006,0.095609635,0.5049890256584035,0.011885289809584587,-0.0011238530278205872,-8.95321718417108e-05,-0.009310424
000403.npy,28.302538086034275,28.562121405343138,0.7474431021619404,0.7724226996052345,0.02628619596362114,0.02508794702589512,0.0014782443176954985,0.0013924764934927225,0.15446855,0.1424282,0.259583319308863,0.024979597443294033,-0.0011982489377260208,-8.576782420277596e-05,-0.012040347
000418.npy,28.00763126592536,28.215666524042486,0.47354960195438006,0.47367274901403117,0.030934210866689682,0.030301127582788467,0.0015821106499060988,0.001508111134171486,0.23973684,0.23529923,0.20803525811712476,0.0001231470596511075,-0.0006330832839012146,-7.399951573461294e-05,-0.0044376105
000452.npy,31.84538339778481,32.031200358484085,0.896516123920381,0.9099820038910955,0.016228849068284035,0.015537843108177185,0.0006538252346217632,0.0006264406838454306,0.10628007,0.097024515,0.1858169606992739,0.013465879970714467,-0.0006910059601068497,-2.7384550776332617e-05,-0.009255558
000455.npy,23.887375171807413,23.91959006993225,0.4032149944320289,0.40136856902866974,0.04774854704737663,0.04735875874757767,0.004085662309080362,0.004055467899888754,0.39386982,0.39307374,0.03221489812483824,-0.0018464254033591643,-0.00038978829979896545,-3.019440919160843e-05,-0.00079607964
000459.npy,23.565529214099993,23.507282405091644,0.6390227122879093,0.6420525823145018,0.04149404913187027,0.041609372943639755,0.0043999431654810905,0.004459352232515812,0.33786488,0.33835667,-0.05824680900834878,0.003029870026592496,0.00011532381176948547,5.9409067034721375e-05,0.0004917979
000466.npy,26.617340807324897,26.70109925355231,0.34210100712873975,0.3411060336017013,0.03688984736800194,0.03660239651799202,0.0021790433675050735,0.0021374209318310022,0.22294386,0.21963607,0.08375844622741369,-0.0009949735270384785,-0.0002874508500099182,-4.162243567407131e-05,-0.0033077896
000474.npy,29.611278936842513,29.619457221993258,0.8315514528350015,0.8480462334670769,0.021563367918133736,0.021814171224832535,0.001093634287826717,0.0010915767634287477,0.13154681,0.12249974,0.008178285150744813,0.016494780632075323,0.00025080330669879913,-2.057524397969246e-06,-0.009047069
000488.npy,26.67743768145109,26.60961629979729,0.7862727388975248,0.7782960619753897,0.02851155772805214,0.028835317119956017,0.0021490980871021748,0.0021829227916896343,0.24375156,0.24561346,-0.06782138165380047,-0.007976676922135106,0.00032375939190387726,3.3824704587459564e-05,0.0018619001
000492.npy,23.919079971787248,23.872129122602797,0.7713886173870154,0.7704654869063645,0.03815549612045288,0.03832641988992691,0.00405594427138567,0.00410003075376153,0.3241148,0.32588628,-0.04695084918445147,-0.0009231304806508467,0.00017092376947402954,4.4086482375860214e-05,0.0017714798
000502.npy,25.870690899862247,25.912992657468706,0.6379852161338831,0.6406335861394643,0.038233980536460876,0.03817143663764,0.0025878013111650944,0.0025627175346016884,0.29570383,0.29407656,0.04230175760645949,0.0026483700055811576,-6.254389882087708e-05,-2.508377656340599e-05,-0.0016272664
000540.npy,26.074065025050803,25.83087370088121,0.5844088519987549,0.5602514239305763,0.03845042735338211,0.03964424878358841,0.0024694115854799747,0.0026116359513252974,0.24055065,0.24371286,-0.24319132416959377,-0.024157428068178666,0.0011938214302062988,0.0001422243658453226,0.0031622052
000562.npy,22.13357083806409,22.092823028548136,0.5177828531167183,0.5167186830301191,0.05522705242037773,0.05560552701354027,0.00611847173422575,0.006176147609949112,0.43711156,0.43388507,-0.040747809515956135,-0.0010641700865992032,0.0003784745931625366,5.767587572336197e-05,-0.0032264888
000563.npy,22.536633643186303,22.4550440038223,0.5321370114860124,0.5257366773092826,0.05194103717803955,0.05263847857713699,0.005576178431510925,0.005681926384568214,0.4109789,0.40979534,-0.08158963936400099,-0.006400334176729805,0.0006974413990974426,0.00010574795305728912,-0.0011835694
000586.npy,26.398304017750718,26.458586593196706,0.41751712545151637,0.41746810037243737,0.03767925500869751,0.03748239204287529,0.002291762502864003,0.002260171342641115,0.28786486,0.28555378,0.060282575445988584,-4.9025079079001443e-05,-0.00019686296582221985,-3.159116022288799e-05,-0.0023110807
000600.npy,29.42673742434581,29.562290324004405,0.8500057708678246,0.8559298374709068,0.021528806537389755,0.021109579131007195,0.0011411067098379135,0.0011060403194278479,0.14391886,0.1412471,0.1355528996585953,0.005924066603082201,-0.00041922740638256073,-3.506639041006565e-05,-0.0026717633
000608.npy,24.662842932205486,24.719871857445902,0.7749579071985166,0.7812205178499668,0.03609107434749603,0.03571697324514389,0.0034175566397607327,0.003372972598299384,0.29556707,0.29155442,0.057028925240416584,0.006262610651450173,-0.00037410110235214233,-4.4584041461348534e-05,-0.0040126443
000623.npy,22.58183796094817,22.64863079834194,0.5706095454050885,0.5851477918853923,0.054740577936172485,0.05430399253964424,0.005518438760191202,0.005434216465801001,0.44683686,0.44170484,0.06679283739376984,0.014538246480303885,-0.000436585396528244,-8.422229439020157e-05,-0.0051320195
000627.npy,10.571427215551028,10.663119594203243,0.24411506904700636,0.23836524963343303,0.23999769985675812,0.23853184282779694,0.08767126500606537,0.0858396664261818,1.6067615,1.5725784,0.09169237865221547,-0.005749819413573332,-0.0014658570289611816,-0.0018315985798835754,-0.034183025
000640.npy,25.70113746562415,25.765236011042422,0.6709781600549396,0.6666576586815585,0.03671983256936073,0.03681593015789986,0.00269083003513515,0.0026514071505516768,0.28588948,0.28216058,0.06409854541827187,-0.004320501373381136,9.609758853912354e-05,-3.9422884583473206e-05,-0.0037288964
000641.npy,20.47204256169918,20.513114297077244,0.2597797689221519,0.27645392682996417,0.07494354993104935,0.07456620037555695,0.008970067836344242,0.008885636925697327,0.63508123,0.6291397,0.041071735378064744,0.016674157907812293,-0.0003773495554924011,-8.443091064691544e-05,-0.00594151
000646.npy,24.876736243608665,24.779772532331364,0.5991843228719095,0.5894547717692843,0.042810697108507156,0.04323697090148926,0.0032533169724047184,0.003326769918203354,0.33724314,0.3375308,-0.09696371127730075,-0.009729551102625189,0.00042627379298210144,7.345294579863548e-05,0.00028765202
000648.npy,23.695575645711497,23.756747141009647,0.7441431592224166,0.7531265780155845,0.049242619425058365,0.04884825274348259,0.004270143341273069,0.004210418555885553,0.4233033,0.4194775,0.0611714952981508,0.008983418793167885,-0.00039436668157577515,-5.972478538751602e-05,-0.0038258135
000659.npy,22.1148508181897,22.046995874120945,0.743323520329942,0.7409837819687236,0.05327164754271507,0.054017163813114166,0.006144901737570763,0.006241664756089449,0.4120361,0.4178946,-0.06785494406875614,-0.0023397383612183686,0.0007455162703990936,9.67630185186863e-05,0.0058585107
000663.npy,30.066725433469298,30.52794558406704,0.6713908488660502,0.6899939710078574,0.02373591437935829,0.02266467735171318,0.0009847533656284213,0.0008855343912728131,0.16420059,0.15446013,0.46122015059774313,0.01860312214180726,-0.001071237027645111,-9.921897435560822e-05,-0.009740457
000683.npy,27.481802745050977,27.534185020210703,0.8625279911484626,0.8612671253257749,0.025582004338502884,0.025913575664162636,0.0017857460770756006,0.00176433683373034,0.1919263,0.19274454,0.05238227515972582,-0.0012608658226876956,0.0003315713256597519,-2.140924334526062e-05,0.00081823766
000698.npy,29.193677159551935,29.189195475291733,0.7871879161988496,0.7964496898258329,0.023157820105552673,0.023193133994936943,0.0012040160363540053,0.0012052591191604733,0.15138859,0.1464934,-0.0044816842602024565,0.009261773626983216,3.5313889384269714e-05,1.24308280646801e-06,-0.0048951805
000702.npy,26.859903447379008,26.881732181250335,0.4840936390374303,0.481092612688303,0.034765467047691345,0.034674856811761856,0.002060675760731101,0.002050344366580248,0.2667611,0.26580954,0.021828733871327444,-0.0030010263491273004,-9.061023592948914e-05,-1.0331394150853157e-05,-0.00095155835
000709.npy,34.69952563069289,34.39305668845052,0.9225014357616454,0.8971309807170034,0.010497894138097763,0.011559339240193367,0.00033888116013258696,0.00036365899723023176,0.07422597,0.07397652,-0.3064689422423683,-0.025370455044642082,0.001061445102095604,2.4777837097644806e-05,-0.0002494529
000747.npy,32.82471967961907,33.09427964064802,0.7191215262634754,0.7276500015563965,0.01760890893638134,0.01723727211356163,0.0005218287697061896,0.000490424339659512,0.10785205,0.10263345,0.2695599610289463,0.008528475292921112,-0.0003716368228197098,-3.140443004667759e-05,-0.0052186027
000763.npy,23.201733738639586,23.25113873652346,0.2883907976394801,0.2784368956182927,0.05477965250611305,0.05451588332653046,0.004784390330314636,0.004730272106826305,0.39611784,0.39333394,0.049404997883872426,-0.0099539020211874,-0.0002637691795825958,-5.411822348833084e-05,-0.0027838945
000766.npy,27.8379379118471,27.757055701455702,0.7940047630454748,0.7930705512057306,0.0222244281321764,0.022200552746653557,0.0016451526898890734,0.001676078769378364,0.17943083,0.17807478,-0.08088221039139754,-0.0009342118397442922,-2.3875385522842407e-05,3.0926079489290714e-05,-0.0013560504
000769.npy,30.556325242774747,30.38498601144036,0.770810465578286,0.7698745539195428,0.020231856033205986,0.020278384909033775,0.0008797665941528976,0.0009151691920123994,0.15083286,0.14790872,-0.171339231334386,-0.0009359116587431826,4.652887582778931e-05,3.540259785950184e-05,-0.0029241443
000775.npy,30.553192345835285,30.952757707194564,0.8115787857297957,0.8218097426274121,0.019901050254702568,0.019241541624069214,0.0008804014651104808,0.0008030160097405314,0.13865685,0.1298306,0.39956536135927934,0.010230956897616439,-0.0006595086306333542,-7.738545536994934e-05,-0.008826256
000779.npy,21.21102747301158,21.08667148591937,0.3558794079968896,0.32425364948179247,0.06691677123308182,0.0681639313697815,0.007566538639366627,0.00778633076697588,0.5197329,0.525481,-0.12435598709220841,-0.031625758515097135,0.0012471601366996765,0.00021979212760925293,0.005748093
000791.npy,34.92231656309594,35.213911986676735,0.915864303747952,0.9206515629769564,0.011259541846811771,0.01161231193691492,0.0003219351056031883,0.0003010293294209987,0.06918061,0.06310514,0.2915954235807945,0.004787259229004359,0.0003527700901031494,-2.0905776182189584e-05,-0.006075464
000795.npy,27.215172013681702,27.366316124191407,0.6852231566197872,0.7049970378988646,0.03307371959090233,0.03257075697183609,0.0018988156225532293,0.0018338692607358098,0.2795517,0.2750692,0.1511441105097049,0.01977388127907742,-0.0005029626190662384,-6.494636181741953e-05,-0.0044825077
000804.npy,20.84679131661252,20.887461490365023,0.6255488656227803,0.626214355440723,0.06665490567684174,0.06632402539253235,0.008228504098951817,0.008151805959641933,0.5515245,0.5482287,0.04067017375250259,0.0006654898179426771,-0.0003308802843093872,-7.669813930988312e-05,-0.0032958388
000815.npy,23.134839762501453,23.13897871542202,0.6842043497485221,0.6792435181885548,0.04846840351819992,0.04863705858588219,0.004858654458075762,0.00485402625054121,0.40623772,0.40490103,0.004138952920566652,-0.004960831559967294,0.00016865506768226624,-4.6282075345516205e-06,-0.0013366938
000835.npy,23.994641197895227,23.897379583884415,0.784113953893777,0.7811121680418011,0.03776862844824791,0.038168758153915405,0.003985987044870853,0.004076261539012194,0.3092454,0.31128615,-0.09726161401081157,-0.003001785851975969,0.00040012970566749573,9.027449414134026e-05,0.0020407438
000854.npy,22.22827237441864,22.2725193326862,0.5957726337090805,0.596976071835252,0.057373687624931335,0.057153552770614624,0.005986497271806002,0.005925814621150494,0.46155477,0.45847428,0.04424695826756064,0.0012034381261715188,-0.00022013485431671143,-6.068265065550804e-05,-0.0030804873
000860.npy,28.933771068792634,28.869688305026706,0.8670907007752005,0.8640684563763663,0.021991871297359467,0.02221051976084709,0.0012782708508893847,0.0012972725089639425,0.17143315,0.17162149,-0.06408276376592781,-0.0030222443988341396,0.00021864846348762512,1.900165807455778e-05,0.00018833578
000863.npy,25.48634416426294,25.57536297224918,0.67965826441136,0.68214088781917,0.040414173156023026,0.039923153817653656,0.0028272587805986404,0.0027698976919054985,0.28617036,0.2813757,0.08901880798624262,0.002482623407810025,-0.0004910193383693695,-5.736108869314194e-05,-0.004794657
000870.npy,24.305692156092192,24.377388565121933,0.2905234159922267,0.29303732521338854,0.04845820739865303,0.04809067025780678,0.0037104857619851828,0.003649733494967222,0.35239536,0.3489344,0.07169640902974095,0.0025139092211618475,-0.00036753714084625244,-6.075226701796055e-05,-0.0034609437
000877.npy,34.219432235711736,35.253822841379915,0.843959962888956,0.8732774904279709,0.014005281031131744,0.012468598783016205,0.0003784920845646411,0.00029827558319084346,0.093987234,0.08089353,1.0343906056681789,0.029317527539014843,-0.0015366822481155396,-8.021650137379766e-05,-0.0130937025
000878.npy,35.77322891989681,36.26557749871343,0.877207076798521,0.8915231053548157,0.011922680772840977,0.011296754702925682,0.0002646532084327191,0.00023628830967936665,0.08019867,0.072809376,0.49234857881661753,0.014316028556294769,-0.0006259260699152946,-2.8364898753352463e-05,-0.007389292
000880.npy,28.422115524169918,28.537672820267353,0.5132313305375725,0.5073313776102811,0.029792383313179016,0.02951982617378235,0.001438097795471549,0.0014003374380990863,0.22969186,0.22841085,0.11555729609743537,-0.005899952927291396,-0.0002725571393966675,-3.776035737246275e-05,-0.0012810081
000955.npy,30.698065110629457,31.106383586135582,0.6556633140282948,0.6716079130059779,0.022202666848897934,0.021282540634274483,0.0008515173685736954,0.0007751069497317076,0.15195836,0.14325267,0.40831847550612466,0.015944598977683078,-0.0009201262146234512,-7.641041884198785e-05,-0.0087056905
000956.npy,23.21363234535199,23.118932171922136,0.7262428364635818,0.7227692873954005,0.04543210193514824,0.046355895698070526,0.004771300591528416,0.0048764836974442005,0.3794663,0.38027713,-0.09470017342985315,-0.003473549068181314,0.000923793762922287,0.00010518310591578484,0.0008108318
000960.npy,35.89567438595193,36.43483364120825,0.8990451199507713,0.916782380774498,0.011391513049602509,0.010509215295314789,0.0002572957018855959,0.000227256678044796,0.0714376,0.06106645,0.5391592552563225,0.01773726082372673,-0.0008822977542877197,-3.0039023840799928e-05,-0.010371149
000972.npy,30.419328907466262,30.221152233569452,0.8888021238303744,0.8929739118468091,0.018251551315188408,0.018233472481369972,0.0009079608717001975,0.000950352696236223,0.11660078,0.11482665,-0.19817667389681048,0.0041717880164346965,-1.807883381843567e-05,4.2391824536025524e-05,-0.0017741323
000975.npy,29.556112157758715,29.57296580072072,0.7963945934096265,0.7912575050501153,0.022392746061086655,0.022501036524772644,0.001107614953070879,0.0011033248156309128,0.17992672,0.17990188,0.016853642962004756,-0.0051370883595112105,0.00010829046368598938,-4.290137439966202e-06,-2.4840236e-05
000995.npy,31.598377448965785,31.839135726347607,0.6648177125071287,0.6703221535087824,0.02046968601644039,0.020052049309015274,0.000692089437507093,0.0006547665107063949,0.1394058,0.13544269,0.24075827738182198,0.005504441001653704,-0.0004176367074251175,-3.732292680069804e-05,-0.003963113
001016.npy,26.535582700329723,26.471094989787993,0.770803594735933,0.7704951942564062,0.030516646802425385,0.030551953241229057,0.00222045392729342,0.002253670711070299,0.24240685,0.24132477,-0.06448771054173008,-0.0003084004795267381,3.530643880367279e-05,3.321678377687931e-05,-0.0010820776
001020.npy,24.505990028429878,24.470019252866486,0.7333038976127142,0.7334210160564184,0.03959924727678299,0.039754562079906464,0.003543243510648608,0.003572712419554591,0.33986086,0.34072632,-0.03597077556339201,0.00011711844370421165,0.00015531480312347412,2.946890890598297e-05,0.00086545944
001021.npy,25.080191990802238,25.054707237301585,0.6895320404735272,0.6908202149407957,0.03943231701850891,0.039540842175483704,0.003104422241449356,0.0031226929277181625,0.33951312,0.33986014,-0.0254847535006526,0.001288174467268477,0.00010852515697479248,1.8270686268806458e-05,0.00034701824
001028.npy,27.082009717258543,27.160387438895096,0.8511051267337445,0.8518009839222329,0.02676187828183174,0.02671235240995884,0.0019579383078962564,0.001922920229844749,0.18898067,0.18677688,0.07837772163655288,0.0006958571884884135,-4.9525871872901917e-05,-3.501807805150747e-05,-0.0022037923
001038.npy,24.513379356456227,24.52834631995445,0.6015909097158415,0.6022238122618845,0.04160267859697342,0.041478872299194336,0.003537219949066639,0.003525050589814782,0.33224759,0.329862,0.014966963498224573,0.0006329025460429794,-0.00012380629777908325,-1.2169359251856804e-05,-0.0023855865
001051.npy,29.917804447209704,29.714478143331533,0.749687081301868,0.7504166764654219,0.022555073723196983,0.02301023341715336,0.0010191064793616533,0.001067953067831695,0.1600511,0.15933521,-0.2033263038781712,0.0007295951635538644,0.0004551596939563751,4.884658847004175e-05,-0.0007158965
001059.npy,22.372710489786826,22.380520232869955,0.6063270545410094,0.6131921704032914,0.05914665758609772,0.05908415839076042,0.005790672264993191,0.005780268460512161,0.4992025,0.49686024,0.007809743083129206,0.006865115862282001,-6.249919533729553e-05,-1.040380448102951e-05,-0.002342254
001076.npy,23.24130523167199,23.309568288177722,0.6016301310042115,0.6103357233895409,0.053478311747312546,0.0529714971780777,0.004740994889289141,0.004667057190090418,0.4486885,0.44453776,0.06826305650573161,0.00870559238532942,-0.000506814569234848,-7.393769919872284e-05,-0.0041507483
001082.npy,36.32558532502673,36.51502662079595,0.8934202725977898,0.902754380613327,0.01159400399774313,0.011443722061812878,0.00023304591013584286,0.00022309886117000133,0.06643317,0.060705304,0.18944129576922109,0.009334108015537246,-0.00015028193593025208,-9.947048965841532e-06,-0.005727865
001095.npy,37.364936411818455,37.46546333230167,0.9441468516578674,0.9472244779062271,0.009500710293650627,0.00946069322526455,0.00018344519776292145,0.0001792477269191295,0.0604823,0.05704755,0.10052692048321177,0.0030776262483597217,-4.001706838607788e-05,-4.197470843791962e-06,-0.0034347512
001129.npy,30.630014382626413,30.88152980300512,0.8351559700246155,0.8438176059131026,0.019788645207881927,0.019354410469532013,0.0008649650262668729,0.000816294748801738,0.1342743,0.12758161,0.25151542037870556,0.008661635888487118,-0.00043423473834991455,-4.867027746513486e-05,-0.0066926926
001130.npy,32.07988189791125,32.25702470925584,0.8693369185226559,0.8762572959618569,0.016619078814983368,0.01639094203710556,0.0006194579182192683,0.0005946994060650468,0.112363055,0.10673624,0.17714281134458787,0.006920377439200931,-0.00022813677787780762,-2.4758512154221535e-05,-0.0056268126
001136.npy,26.303419724834235,26.312812319718827,0.8626698467309177,0.8627293559360913,0.03129231929779053,0.0311820600181818,0.0023423838429152966,0.0023373235017061234,0.27181748,0.27129412,0.009392594884591432,5.9509205173613466e-05,-0.0001102592796087265,-5.0603412091732025e-06,-0.0005233586
001147.npy,25.124853137710936,25.11663585023836,0.7922311274334602,0.7892485234145382,0.03545272722840309,0.035581301897764206,0.0030726613476872444,0.0030784807167947292,0.27693087,0.2785097,-0.008217287472575663,-0.0029826040189220304,0.0001285746693611145,5.8193691074848175e-06,0.0015788376
001152.npy,21.206862182016792,21.134056800639325,0.6787773348381414,0.6740407645551236,0.06182904168963432,0.0628529042005539,0.007573799230158329,0.007701836992055178,0.50944114,0.5121349,-0.07280538137746717,-0.004736570283017771,0.001023862510919571,0.00012803776189684868,0.0026937723
001153.npy,25.443188415511898,25.40455433990109,0.6731594558494836,0.673446338941676,0.037952177226543427,0.037978991866111755,0.0028554934542626143,0.002881008666008711,0.31784546,0.31747067,-0.03863407561080834,0.0002868830921924914,2.6814639568328857e-05,2.551521174609661e-05,-0.000374794
001154.npy,25.260662431968818,25.25006997742772,0.6145030105505157,0.6134349825758818,0.03912121430039406,0.03912125155329704,0.002978062257170677,0.002985334489494562,0.32341763,0.32177714,-0.01059245454109714,-0.0010680279746339005,3.725290298461914e-08,7.272232323884964e-06,-0.0016404986
001158.npy,27.925072200535432,28.069500626493053,0.5225664296530486,0.5247064381889105,0.03155768662691116,0.031135179102420807,0.0016124742105603218,0.0015597317833453417,0.22885613,0.22465649,0.14442842595762073,0.002140008535861937,-0.00042250752449035645,-5.2742427214980125e-05,-0.004199639
001162.npy,31.183388492646955,31.504779517724696,0.7562710117284768,0.7639638559395969,0.021076377481222153,0.0205161664634943,0.0007614846108481288,0.0007071670843288302,0.13543724,0.1303175,0.321391025077741,0.007692844211120153,-0.0005602110177278519,-5.4317526519298553e-05,-0.005119741
001180.npy,23.727361920364046,23.711401620760462,0.784075733833477,0.7864924347444773,0.044101282954216,0.04420756548643112,0.004239003639668226,0.004254610743373632,0.38298526,0.38290456,-0.01596029960358436,0.0024167009110003246,0.00010628253221511841,1.560710370540619e-05,-8.070469e-05
001183.npy,24.892490133304296,24.878667243570987,0.6393165887243009,0.638737730429519,0.041841521859169006,0.04186838120222092,0.0032415371388196945,0.003251870861276984,0.35578966,0.3558258,-0.013822889733308585,-0.000578858294781881,2.68593430519104e-05,1.0333722457289696e-05,3.6150217e-05
001184.npy,24.140507595151803,24.173283761945413,0.6311380251953917,0.636347712871669,0.04705115407705307,0.04682828113436699,0.003854332957416773,0.003825353691354394,0.3960815,0.39353248,0.03277616679361017,0.005209687676277275,-0.00022287294268608093,-2.8979266062378883e-05,-0.0025490224
001215.npy,20.55576633976542,20.48291444272373,0.7175238244085205,0.7128066290189183,0.06013445556163788,0.06122511252760887,0.008798797614872456,0.008947640657424927,0.48352402,0.48865908,-0.0728518970416907,-0.004717195389602136,0.001090656965970993,0.00014884304255247116,0.0051350594
001218.npy,26.942026613944286,26.998531214125254,0.7748738413616734,0.7756719794905241,0.027127712965011597,0.026935134083032608,0.002022075466811657,0.0019959372002631426,0.22713982,0.22556624,0.05650460018096837,0.0007981381288507672,-0.00019257888197898865,-2.6138266548514366e-05,-0.0015735775
001238.npy,30.252243683321197,30.27464577904398,0.8522351674330234,0.8571478242702484,0.02082950994372368,0.02076406590640545,0.0009435733081772923,0.0009387185564264655,0.17038192,0.16992356,0.022402095722782178,0.004912656837224971,-6.544403731822968e-05,-4.854751750826836e-06,-0.00045835972
001257.npy,31.873338169366026,32.72329022397801,0.8347361084348485,0.8669337795261759,0.01656555011868477,0.015011580660939217,0.0006496301502920687,0.0005341595388017595,0.09522697,0.07963173,0.8499520546119861,0.03219767109132743,-0.001553969457745552,-0.00011547061149030924,-0.015595242
001267.npy,31.681246930185736,31.84654177468847,0.848816827359289,0.854395258168459,0.014605710282921791,0.014492408372461796,0.0006790086627006531,0.0006536507862620056,0.10656267,0.10346307,0.16529484450273202,0.005578430809169976,-0.00011330191045999527,-2.535787643864751e-05,-0.003099598
001275.npy,27.978456182158148,27.831102457623395,0.8056605272272322,0.7970553361236127,0.028577370569109917,0.029204463586211205,0.0015927748754620552,0.0016477439785376191,0.23035294,0.23168299,-0.14735372453475293,-0.00860519110361957,0.0006270930171012878,5.496910307556391e-05,0.0013300478
001282.npy,21.739814308349402,21.767488556867647,0.46515527523412953,0.4693165885679042,0.062049105763435364,0.061958443373441696,0.0066991327330470085,0.00665658013895154,0.48411858,0.48246157,0.027674248518245292,0.004161313333774674,-9.06623899936676e-05,-4.255259409546852e-05,-0.0016570091
001291.npy,22.886881154457093,22.877690526992577,0.7070392149984837,0.6977919940545559,0.04862131550908089,0.04881191626191139,0.005144129507243633,0.005155026912689209,0.44465995,0.44627023,-0.009190627464516155,-0.009247220943927714,0.00019060075283050537,1.0897405445575714e-05,0.0016102791
001294.npy,29.593352928064334,29.802563557567833,0.7670327360358397,0.7710198848009641,0.017883839085698128,0.01762804202735424,0.0010981577215716243,0.0010465106461197138,0.14622273,0.14464907,0.20921062950349878,0.003987148765124404,-0.00025579705834388733,-5.1647075451910496e-05,-0.001573652
001297.npy,29.932452269889023,30.103166407863778,0.7891659919715039,0.8040892843200537,0.023636389523744583,0.02314731664955616,0.0010156750213354826,0.0009765250142663717,0.14219628,0.13230409,0.17071413797475543,0.014923292348549722,-0.0004890728741884232,-3.915000706911087e-05,-0.009892195
001300.npy,31.414000263935257,31.59125972738291,0.8286194193633273,0.8414260533220606,0.01794019713997841,0.017485203221440315,0.0007221043342724442,0.0006932247197255492,0.114283554,0.10669164,0.1772594634476512,0.012806633958733271,-0.00045499391853809357,-2.8879614546895027e-05,-0.0075919107
001306.npy,21.68836545312928,21.69017065708711,0.39980731454156454,0.3990690094960829,0.06260285526514053,0.06266298145055771,0.006778966169804335,0.0067761484533548355,0.52024424,0.5187774,0.0018052039578293488,-0.0007383050454816131,6.012618541717529e-05,-2.8177164494991302e-06,-0.0014668703
001327.npy,23.566891361569304,23.56350352025205,0.7599701123410312,0.7560424813343722,0.04084647074341774,0.04088738188147545,0.004398563411086798,0.00440199626609683,0.33949992,0.3391006,-0.0033878413172558908,-0.003927631006658938,4.091113805770874e-05,3.432855010032654e-06,-0.00039932132
001354.npy,29.560576243307356,29.966347956163,0.6881809493687693,0.6989625228181406,0.02567003294825554,0.02468227595090866,0.0011064769933000207,0.0010077788028866053,0.18793494,0.1794443,0.4057717128556426,0.010781573449371362,-0.000987756997346878,-9.869819041341543e-05,-0.008490637
001363.npy,23.78632755509544,23.8274171648036,0.27818264483268185,0.2738981177343875,0.05120021104812622,0.05099939554929733,0.004181838594377041,0.004142459481954575,0.39677843,0.39473364,0.041089609708159,-0.004284527098294355,-0.00020081549882888794,-3.937911242246628e-05,-0.002044797
001367.npy,24.174674556944332,24.209228406435482,0.7954793009461472,0.7942140056003043,0.03313460573554039,0.03349671512842178,0.0038241290021687746,0.0037938235327601433,0.2539514,0.24911433,0.034553849491150146,-0.001265295345842854,0.00036210939288139343,-3.0305469408631325e-05,-0.004837066
001369.npy,22.627908792957125,22.64826296686705,0.6498085454451721,0.6573721629765649,0.05695761740207672,0.056646622717380524,0.005460207350552082,0.005434676539152861,0.48030233,0.47571126,0.020354173909925777,0.007563617531392786,-0.0003109946846961975,-2.553081139922142e-05,-0.0045910776
001390.npy,32.15149406867148,32.3957826160106,0.7160848783591837,0.7205635742987394,0.019305966794490814,0.018890254199504852,0.0006093272240832448,0.0005759989726357162,0.14744154,0.1442408,0.2442885473391172,0.0044786959395557435,-0.0004157125949859619,-3.33282514475286e-05,-0.0032007396
001400.npy,29.728802329909925,29.75847885372069,0.832028365663886,0.8322111853993684,0.021944833919405937,0.021908164024353027,0.0010644366266205907,0.001057187793776393,0.18004276,0.1783645,0.02967652381076391,0.00018281973548239794,-3.666989505290985e-05,-7.24883284419775e-06,-0.0016782582
001408.npy,32.037382519434075,32.149703098119936,0.9370342541244608,0.937807029203129,0.010225340723991394,0.010438511148095131,0.0006255495827645063,0.0006095785647630692,0.07254091,0.07106821,0.11232057868586054,0.0007727750786681309,0.00021317042410373688,-1.5971018001437187e-05,-0.0014726967
001415.npy,20.86016566041454,20.83825059025407,0.698514795029914,0.7023892080960581,0.06497512757778168,0.06504669040441513,0.008203201927244663,0.008244701661169529,0.54260737,0.5429225,-0.021915070160471117,0.003874413066144111,7.156282663345337e-05,4.149973392486572e-05,0.00031512976
001434.npy,34.199135975672434,34.6864195131638,0.9311124202628732,0.9380531448407695,0.0145497415214777,0.012660570442676544,0.0003802650608122349,0.00033990538213402033,0.05767963,0.054148946,0.4872835374913649,0.006940724577896296,-0.001889171078801155,-4.035967867821455e-05,-0.0035306849
001438.npy,28.67522512789585,28.66048112929111,0.7468101062142458,0.7506957764423303,0.02443896234035492,0.02432822436094284,0.001356680179014802,0.0013612938346341252,0.18666224,0.18277921,-0.014743998604739517,0.0038856702280845035,-0.00011073797941207886,4.613655619323254e-06,-0.003883034
001439.npy,28.888303306765888,28.792971222781215,0.7577885182878524,0.7527234464445627,0.02310745045542717,0.023475978523492813,0.0012917238054797053,0.0013203918933868408,0.18138069,0.18077126,-0.09533208398467252,-0.005065071843289748,0.0003685280680656433,2.8668087907135487e-05,-0.0006094277
001443.npy,26.581274856212133,26.60532275670727,0.7458544359916802,0.7474134812214784,0.03490401804447174,0.034799929708242416,0.0021972148679196835,0.0021850818302482367,0.28049165,0.27757257,0.024047900495137498,0.0015590452297982171,-0.00010408833622932434,-1.21330376714468e-05,-0.0029190779
001445.npy,30.345288528872235,29.89604187379581,0.9227563524882794,0.9176673299299478,0.014931851997971535,0.015058758668601513,0.0009235728648491204,0.0010242260759696364,0.117998764,0.11996066,-0.4492466550764256,-0.005089022558331546,0.00012690667062997818,0.00010065321112051606,0.0019618943
001478.npy,28.41717489364565,28.381636680485833,0.8301504223674573,0.8275387371675317,0.024558819830417633,0.024800240993499756,0.0014397348277270794,0.0014515644870698452,0.19801137,0.19731683,-0.035538213159817644,-0.0026116851999256063,0.0002414211630821228,1.1829659342765808e-05,-0.0006945431
001479.npy,29.172300346653557,29.124390637242552,0.8407510602294207,0.8391590944648087,0.022543633356690407,0.022858336567878723,0.0012099570594727993,0.0012233786983415484,0.18133304,0.18096577,-0.04790970941100525,-0.0015919657646119578,0.00031470321118831635,1.3421638868749142e-05,-0.00036726892
001482.npy,27.891723465020192,27.935818691872917,0.7756889147348665,0.7809035107698012,0.030168958008289337,0.030020281672477722,0.0016249038744717836,0.0016084890812635422,0.1783451,0.17464763,0.04409522685272549,0.005214596034934793,-0.000148676335811615,-1.6414793208241463e-05,-0.0036974698
001484.npy,30.46461338011149,30.76377559854301,0.8722582795873769,0.8897375965850781,0.01989898458123207,0.01911081187427044,0.0008985425811260939,0.0008387304842472076,0.12246928,0.110355005,0.299162218431519,0.017479316997701222,-0.0007881727069616318,-5.981209687888622e-05,-0.012114279
001485.npy,30.231125863951434,30.57815075926824,0.8223846600456833,0.8443409157066047,0.021308308467268944,0.020347492769360542,0.0009481726447120309,0.0008753564907237887,0.11543289,0.10414055,0.3470248953168067,0.02195625566092141,-0.0009608156979084015,-7.281615398824215e-05,-0.011292338
001495.npy,31.624986507001527,31.617312693636027,0.8450378941873267,0.8510639656152819,0.01430078037083149,0.014559909701347351,0.0006878620479255915,0.0006890784716233611,0.094229035,0.090569854,-0.007673813365499882,0.006026071427955193,0.0002591293305158615,1.2164236977696419e-06,-0.0036591813
001496.npy,28.932044993865183,28.457623766220852,0.8477534607447386,0.8515143553463447,0.021265912801027298,0.023120051249861717,0.0012787791201844811,0.0014263876946642995,0.12811294,0.12623629,-0.47442122764433137,0.003760894601606113,0.0018541384488344193,0.00014760857447981834,-0.0018766522
001500.npy,27.98577678782088,27.984333966628192,0.5718730979906619,0.5680004789167903,0.031219162046909332,0.031238269060850143,0.0015900922007858753,0.0015906207263469696,0.22166207,0.21969086,-0.0014428211926862389,-0.003872619073871597,1.9107013940811157e-05,5.285255610942841e-07,-0.001971215
001515.npy,25.42395622195098,25.34428407461308,0.6674767514894009,0.6508604365458488,0.038202062249183655,0.03857474774122238,0.0028681664261966944,0.0029212695080786943,0.3283778,0.3310864,-0.07967214733790229,-0.01661631494355209,0.0003726854920387268,5.310308188199997e-05,0.002708584
001520.npy,27.471743701363884,27.575562498731642,0.7568461346167465,0.7594739471246135,0.032307446002960205,0.03203652799129486,0.0017898869700729847,0.0017476067878305912,0.22667225,0.22151728,0.10381879736775801,0.0026278125078669223,-0.00027091801166534424,-4.2280182242393494e-05,-0.0051549673
001522.npy,29.984341684699515,29.89175499252888,0.8317684516023621,0.8282955830103755,0.023656118661165237,0.023911556228995323,0.0010036119492724538,0.0010252374922856688,0.16799445,0.16575694,-0.09258669217063442,-0.0034728685919865887,0.00025543756783008575,2.1625543013215065e-05,-0.0022375137
001527.npy,34.94350357654292,36.22367473200517,0.884324861939773,0.9081894284505844,0.012585687451064587,0.0112110935151577,0.00032036835909821093,0.00023857917403802276,0.08086764,0.06786534,1.2801711554622486,0.02386456651081137,-0.001374593935906887,-8.178918506018817e-05,-0.013002299
001528.npy,23.453724794291183,23.421311240495687,0.6352574907568341,0.6418728293224438,0.04709465429186821,0.04709945619106293,0.004514685831964016,0.004548507276922464,0.378056,0.36822432,-0.0324135537954966,0.006615338565609696,4.801899194717407e-06,3.382144495844841e-05,-0.009831667
001529.npy,30.190549568230804,30.137962673395613,0.6624799365461347,0.655876574337475,0.023273585364222527,0.023362839594483376,0.0009570730035193264,0.0009687322308309376,0.18556994,0.1849674,-0.052586894835190634,-0.006603362208659647,8.9254230260849e-05,1.1659227311611176e-05,-0.00060254335
001534.npy,26.77081572248791,26.754938506887576,0.8179973322562119,0.8200555671333037,0.024062152951955795,0.024137428030371666,0.0021033831872045994,0.0021110870875418186,0.19823205,0.19687505,-0.015877215600333727,0.0020582348770918912,7.527507841587067e-05,7.703900337219238e-06,-0.001357004
001570.npy,28.278936507944298,28.296047002923753,0.5525142423536777,0.5545928148641587,0.03006872534751892,0.029959816485643387,0.0014862995594739914,0.0014804552774876356,0.24009918,0.23832178,0.017110494979455382,0.002078572510480936,-0.00010890886187553406,-5.8442819863557816e-06,-0.0017773956
001579.npy,34.34130829104784,34.111397694301935,0.9089879096655845,0.9023401521754265,0.01066439226269722,0.011482587084174156,0.00036801808164454997,0.0003880254807882011,0.08112999,0.0804857,-0.22991059674590275,-0.006647757490158002,0.0008181948214769363,2.0007399143651128e-05,-0.00064428896
001585.npy,22.738279378555287,22.71721068514738,0.6822127459310554,0.683009716550488,0.04843328520655632,0.04858320206403732,0.005323191173374653,0.005349078215658665,0.40492547,0.40660232,-0.021068693407908512,0.0007969706194326243,0.0001499168574810028,2.588704228401184e-05,0.0016768575
001589.npy,22.431723990201004,22.413563888927918,0.7249717839407577,0.7246282157549336,0.0474841445684433,0.04755934700369835,0.005712518468499184,0.005736455321311951,0.39290407,0.39233792,-0.01816010127308587,-0.00034356818582403914,7.520243525505066e-05,2.393685281276703e-05,-0.0005661547
001597.npy,27.49476393472515,27.567742294698135,0.7576592515711449,0.7582909867460206,0.02873293310403824,0.028373587876558304,0.0017804246162995696,0.0017507565207779408,0.19626561,0.19041225,0.07297835997298563,0.0006317351748756916,-0.0003593452274799347,-2.9668095521628857e-05,-0.005853355
001603.npy,25.432702470217063,25.426783061483746,0.7462916200403078,0.7499958895016666,0.0392659455537796,0.03935476019978523,0.0028623961843550205,0.0028663002885878086,0.3362027,0.33726335,-0.005919408733316089,0.0037042694613588223,8.881464600563049e-05,3.904104232788086e-06,0.0010606349
001631.npy,26.98001163581777,27.046773788663035,0.8431729214360342,0.8440216841706782,0.030409101396799088,0.03030155971646309,0.0020044667180627584,0.0019738886039704084,0.23737323,0.23417476,0.06676215284526421,0.0008487627346440707,-0.00010754168033599854,-3.0578114092350006e-05,-0.0031984746
001634.npy,29.18485446557432,29.37509057854705,0.6213752380174399,0.62702756351614,0.027411572635173798,0.026874860748648643,0.0012064645998179913,0.0011547578033059835,0.17435795,0.16930962,0.19023611297273035,0.005652325498700095,-0.0005367118865251541,-5.170679651200771e-05,-0.0050483346
001636.npy,20.80731646074078,20.687973846702352,0.7793632050472659,0.7770722798716025,0.05230119079351425,0.05253375694155693,0.008303636685013771,0.008534982800483704,0.41502082,0.4202325,-0.11934261403842683,-0.0022909251756633164,0.00023256614804267883,0.00023134611546993256,0.005211681
001638.npy,21.847876802667024,21.707321457609595,0.7140118544946965,0.6983008323870087,0.051159556955099106,0.0518011599779129,0.006534499581903219,0.006749441847205162,0.44017443,0.44241565,-0.14055534505742884,-0.015711022107687822,0.000641603022813797,0.00021494226530194283,0.002241224
001643.npy,33.30969193956831,33.211834968500355,0.8142638490247727,0.8114155713019371,0.015293030999600887,0.015375902876257896,0.00046669243602082133,0.00047732755774632096,0.12767528,0.12730351,-0.0978569710679551,-0.0028482777228355793,8.287187665700912e-05,1.063512172549963e-05,-0.00037176907
001648.npy,22.42743334110841,22.38336691286126,0.6410106089392275,0.6383402498103278,0.053510308265686035,0.053896598517894745,0.005718165077269077,0.0057764807716012,0.4491164,0.45093355,-0.044066428247152345,-0.0026703591288996797,0.0003862902522087097,5.83156943321228e-05,0.001817137
001661.npy,29.621396746566447,29.289461224263782,0.895073436823368,0.8921819229281545,0.024607110768556595,0.02530611678957939,0.00109108944889158,0.0011777520412579179,0.14336008,0.14502938,-0.33193552230266476,-0.002891513895213582,0.0006990060210227966,8.666259236633778e-05,0.0016693026
001663.npy,28.141435185057112,27.991796593059878,0.8580760664230883,0.8597818300239444,0.02916606143116951,0.02946203202009201,0.0015341099351644516,0.0015878896228969097,0.17870548,0.17711797,-0.14963859199723473,0.0017057636008560584,0.0002959705889225006,5.3779687732458115e-05,-0.0015875101
001678.npy,27.905751029318466,27.89301091415455,0.7565178394772988,0.756047458651593,0.025714432820677757,0.02551339752972126,0.0016196637880057096,0.0016244221478700638,0.20628068,0.20276879,-0.012740115163914822,-0.0004703808257058295,-0.0002010352909564972,4.758359864354134e-06,-0.0035118908
001682.npy,27.78796302201265,27.6646956049956,0.8896636689447984,0.89254466618938,0.025997282937169075,0.0263309758156538,0.0016641929978504777,0.0017121052369475365,0.18601538,0.1835909,-0.12326741701705046,0.0028809972445815735,0.00033369287848472595,4.791223909705877e-05,-0.0024244785
001685.npy,31.310703674149085,31.921760201433244,0.8937531206076145,0.9182990750038028,0.019686739891767502,0.018903398886322975,0.0007394853746518493,0.0006424272432923317,0.10328834,0.08529408,0.611056527284159,0.02454595439618834,-0.0007833410054445267,-9.705813135951757e-05,-0.017994255
001695.npy,25.7436989352809,25.713422303607096,0.8485435158281941,0.8487918943153657,0.03003564476966858,0.030205367133021355,0.0026645883917808533,0.0026832292787730694,0.2357259,0.23687477,-0.030276631673803678,0.0002483784871716299,0.00016972236335277557,1.864088699221611e-05,0.0011488795
001696.npy,27.670332894464114,27.658713577660812,0.8947293316603004,0.8967522063439209,0.019075941294431686,0.01909051090478897,0.001709884381853044,0.001714465208351612,0.1372966,0.1355726,-0.011619316803301416,0.0020228746836205014,1.4569610357284546e-05,4.580826498568058e-06,-0.0017240047
001698.npy,29.025035028515894,29.09757867290041,0.5894194829309285,0.5880878486206196,0.025941981002688408,0.0257969181984663,0.0012516891583800316,0.0012309548910707235,0.18827766,0.18716487,0.07254364438451688,-0.0013316343103089157,-0.00014506280422210693,-2.0734267309308052e-05,-0.0011127889
001704.npy,27.00442051699243,26.848793486174756,0.8380063133471762,0.8412676020447314,0.02566395327448845,0.02557133138179779,0.0019932324066758156,0.0020659540314227343,0.19313473,0.19316472,-0.15562703081767282,0.0032612886975551536,-9.262189269065857e-05,7.272162474691868e-05,2.9996037e-05
001707.npy,33.62738188300459,34.241008450990726,0.89334842791152,0.9079588691930771,0.015100761316716671,0.014301295392215252,0.00043377227848395705,0.00037661634269170463,0.08617646,0.07598641,0.6136265679861381,0.014610441281557085,-0.0007994659245014191,-5.715593579225242e-05,-0.010190055
001722.npy,26.134281464473066,26.136322898701838,0.764179907231763,0.7674495928030759,0.03766397014260292,0.03762512654066086,0.00243540876545012,0.002434264402836561,0.31463695,0.31311315,0.002041434228772232,0.003269685571312908,-3.884360194206238e-05,-1.1443626135587692e-06,-0.0015237927
001733.npy,33.097913252633475,33.45971941630035,0.8152968477050662,0.8197187069203854,0.01539547648280859,0.015007670037448406,0.0004900142084807158,0.0004508458368945867,0.11311798,0.109474435,0.361806163666877,0.004421859215319235,-0.0003878064453601837,-3.916837158612907e-05,-0.0036435425
001734.npy,33.673215719765466,34.03071060538459,0.8256684695499837,0.8294698090898172,0.014408178627490997,0.014074340462684631,0.0004292184312362224,0.00039530190406367183,0.107887775,0.10493061,0.35749488561912557,0.003801339539833415,-0.00033383816480636597,-3.391652717255056e-05,-0.0029571652
001751.npy,25.731643580176495,25.664116709494003,0.5942767022212158,0.5866410239404551,0.03815698251128197,0.038262855261564255,0.00267199520021677,0.002713865600526333,0.27658328,0.27530247,-0.0675268706824923,-0.007635678280760616,0.0001058727502822876,4.187040030956268e-05,-0.0012808144
001757.npy,32.793099809320815,32.62201576608626,0.8569269808631241,0.8575546035586205,0.016373272985219955,0.016588320955634117,0.0005256419535726309,0.0005467620794661343,0.10871237,0.1046189,-0.17108404323455773,0.0006276226954963215,0.00021504797041416168,2.1120125893503428e-05,-0.004093468
001759.npy,32.47132177659263,32.41928516157225,0.8491622880421579,0.8517911175947189,0.016920173540711403,0.016910620033740997,0.0005660669412463903,0.0005728902760893106,0.11096959,0.106219865,-0.05203661502038415,0.0026288295525610517,-9.553506970405579e-06,6.823334842920303e-06,-0.004749723
001768.npy,31.28425152133762,31.59728691760789,0.8472674822955429,0.8643793159374297,0.019123323261737823,0.01845049113035202,0.0007440032786689699,0.0006922633037902415,0.10722695,0.09807651,0.3130353962702692,0.01711183364188673,-0.0006728321313858032,-5.173997487872839e-05,-0.009150445
001787.npy,23.991864495216927,23.696959144797248,0.7778197902615145,0.7744405338011305,0.04201222583651543,0.0460013709962368,0.003988536540418863,0.0042687831446528435,0.31139156,0.31146407,-0.294905350419679,-0.0033792564603839503,0.0039891451597213745,0.0002802466042339802,7.250905e-05
001794.npy,22.374826294661986,22.311036423761607,0.576636852718472,0.5767143366293062,0.048527128994464874,0.04898246005177498,0.0057878512889146805,0.005873491521924734,0.394369,0.3961745,-0.06378987090037924,7.748391083417516e-05,0.00045533105731010437,8.564023301005363e-05,0.0018054843
001796.npy,31.060632479409634,31.001041418336005,0.833413750124216,0.8310847852294445,0.01829596236348152,0.018397551029920578,0.0007833155104890466,0.000794137769844383,0.15978742,0.15982088,-0.05959106107362899,-0.0023289648947715236,0.0001015886664390564,1.0822259355336428e-05,3.3468008e-05
001802.npy,34.91883082333554,35.527029950894395,0.8786825937493742,0.8928981085038186,0.012661909684538841,0.011973127722740173,0.000322193605825305,0.00028008961817249656,0.078890614,0.070666194,0.608199127558855,0.01421551475444438,-0.0006887819617986679,-4.210398765280843e-05,-0.00822442
001806.npy,25.083853825451868,25.10763289528098,0.7368467838265803,0.7400522381656319,0.039852987974882126,0.03971594572067261,0.0031018059235066175,0.003084869123995304,0.32199082,0.31840196,0.02377906982911071,0.0032054543390516166,-0.00013704225420951843,-1.693679951131344e-05,-0.0035888553
001819.npy,31.32386201980552,31.34512198135578,0.7941361169549972,0.806117777698487,0.01881953701376915,0.018506916239857674,0.0007372483378276229,0.000733648135792464,0.1353102,0.13373731,0.021259961550260442,0.01198166074348983,-0.00031262077391147614,-3.6002020351588726e-06,-0.0015728921
001843.npy,29.448987776719537,29.521893847385364,0.7731559350403286,0.77476456003418,0.021950023248791695,0.02188611403107643,0.0011352754663676023,0.0011163762537762523,0.17142445,0.16903079,0.07290607066582666,0.001608624993851393,-6.390921771526337e-05,-1.889921259135008e-05,-0.002393663
001853.npy,28.913240066928374,28.895356746823882,0.7333948379868865,0.7287927249410727,0.026706891134381294,0.02668130397796631,0.001284328056499362,0.0012896276311948895,0.18381001,0.18125226,-0.017883320104491673,-0.004602113045813816,-2.5587156414985657e-05,5.2995746955275536e-06,-0.0025577545
001863.npy,29.796078164394174,30.085309680671962,0.6009381909650993,0.6096583723225221,0.024640850722789764,0.02397969737648964,0.0010480745695531368,0.0009805483277887106,0.17703183,0.17095841,0.28923151627778765,0.008720181357422807,-0.0006611533463001251,-6.752624176442623e-05,-0.0060734153
001881.npy,25.42967913835049,25.40813001081255,0.7370845329546815,0.7393400279258828,0.0412542000412941,0.041302770376205444,0.002864389680325985,0.00287863751873374,0.30646098,0.30724415,-0.02154912753794136,0.002255494971201366,4.8570334911346436e-05,1.4247838407754898e-05,0.00078317523
001884.npy,33.25368956177029,32.855045187766294,0.9059686597774997,0.9228520172144212,0.013862773776054382,0.014710448682308197,0.0004727494961116463,0.0005181976594030857,0.06851376,0.05997157,-0.3986443740039931,0.016883357436921487,0.0008476749062538147,4.5448163291439414e-05,-0.0085421875
001895.npy,24.925019950551825,24.80544703597907,0.7751211042326279,0.7773952855876594,0.031795207411050797,0.03180215135216713,0.003217347664758563,0.0033071604557335377,0.25179243,0.2518655,-0.11957291457275332,0.002274181355031435,6.943941116333008e-06,8.981279097497463e-05,7.3075294e-05
001899.npy,26.48907780072652,26.655618988204537,0.3797445379994772,0.3811295294049941,0.03741578757762909,0.036815889179706573,0.002244358416646719,0.0021599221508949995,0.25499263,0.24917972,0.1665411874780176,0.0013849914055169,-0.0005998983979225159,-8.443626575171947e-05,-0.005812913
001919.npy,25.442968643462475,25.459314461553625,0.746710367724549,0.7500863625156506,0.03730901703238487,0.03723136708140373,0.0028556378092616796,0.0028449101373553276,0.32902077,0.32861033,0.016345818091149766,0.003375994791101622,-7.764995098114014e-05,-1.0727671906352043e-05,-0.00041043758
001923.npy,23.46312378285923,23.462185982914207,0.566074725666299,0.5631806700442573,0.04672969877719879,0.0467042550444603,0.004504925571382046,0.004505898337811232,0.37319833,0.3720674,-0.000937799945024409,-0.0028940556220417024,-2.5443732738494873e-05,9.727664291858673e-07,-0.0011309385
001930.npy,24.00372244817152,24.021283697398292,0.6853939186345301,0.6883021848119125,0.04785250499844551,0.047908931970596313,0.003977661021053791,0.003961609210819006,0.4154475,0.415942,0.017561249226773157,0.0029082661773823792,5.642697215080261e-05,-1.605181023478508e-05,0.00049450994
001955.npy,32.446415845336574,32.06027079518368,0.9226508710530847,0.9140249415643662,0.010880603455007076,0.011646128259599209,0.0005693226121366024,0.0006222614902071655,0.0881918,0.09012835,-0.3861450501528907,-0.008625929488718542,0.0007655248045921326,5.293887807056308e-05,0.0019365475
001959.npy,30.17018435968737,30.3088091573133,0.5924116361355185,0.5958733286039829,0.02457461506128311,0.02425132319331169,0.000961571466177702,0.0009313632035627961,0.17004147,0.16713846,0.13862479762592983,0.0034616924684643946,-0.0003232918679714203,-3.0208262614905834e-05,-0.0029030144
001969.npy,28.863583951234,28.965891316213792,0.5575400745195709,0.5551656088458896,0.027896516025066376,0.027660055086016655,0.001299097086302936,0.0012688518036156893,0.2181015,0.2163374,0.10230736497979365,-0.0023744656736812697,-0.00023646093904972076,-3.02452826872468e-05,-0.0017641038
001981.npy,23.953539874471478,23.839514049763963,0.7906465716635883,0.7902064957535481,0.046235647052526474,0.047558754682540894,0.0040238890796899796,0.004130937159061432,0.33395565,0.3347777,-0.11402582470751454,-0.0004400759100402496,0.0013231076300144196,0.00010704807937145233,0.00082206726
001986.npy,30.844236099548404,31.2727836987437,0.7768955378544032,0.7923226806859672,0.02188357524573803,0.020824681967496872,0.0008233345579355955,0.0007459704065695405,0.12514547,0.11603436,0.42854759919529783,0.01542714283156399,-0.0010588932782411575,-7.736415136605501e-05,-0.009111106
001998.npy,29.39993456125547,29.43061261289865,0.7787920838651657,0.7808314724552929,0.023996245115995407,0.023812001571059227,0.0011481709079816937,0.0011400890070945024,0.18144403,0.17867981,0.030678051643178605,0.0020393885901272,-0.00018424354493618011,-8.081900887191296e-06,-0.002764225
002027.npy,26.1916398486147,26.31156003073852,0.7071317320334214,0.7106348210566938,0.033642031252384186,0.033160001039505005,0.002403455087915063,0.0023379973135888577,0.26185274,0.25557408,0.1199201821238205,0.0035030890232724543,-0.0004820302128791809,-6.545777432620525e-05,-0.006278664
002038.npy,25.105782281100485,25.245128581960557,0.3493686178692173,0.34956602311455365,0.04366983100771904,0.04309218376874924,0.0030861839186400175,0.0029887333512306213,0.30785105,0.30154842,0.1393463008600726,0.00019740524533634618,-0.0005776472389698029,-9.745056740939617e-05,-0.006302625
002041.npy,17.056940741847555,17.00111614639507,0.423635364230737,0.4158334750609491,0.10974674671888351,0.11160849779844284,0.01969273015856743,0.019947495311498642,0.88753766,0.89180434,-0.05582459545248497,-0.007801889169787912,0.0018617510795593262,0.0002547651529312134,0.0042666793
002047.npy,22.910413734538324,22.906407357526813,0.6879113953203541,0.6901178465820125,0.044026799499988556,0.04383537545800209,0.005116330925375223,0.005121053196489811,0.32242867,0.3203651,-0.004006377011510409,0.0022064512616584153,-0.00019142404198646545,4.722271114587784e-06,-0.0020635724
002049.npy,32.68308027735553,32.73471116759436,0.8696603390646875,0.8695552293689847,0.015145329758524895,0.015196612104773521,0.0005391280865296721,0.000532756675966084,0.118577026,0.11799375,0.05163089023883316,-0.00010510969570287632,5.128234624862671e-05,-6.371410563588142e-06,-0.00058327615
002056.npy,29.12275311938348,28.780415470391535,0.8546608371684551,0.8326774959538579,0.022439295426011086,0.02407621033489704,0.0012238400522619486,0.0013242148561403155,0.16948754,0.17510761,-0.3423376489919434,-0.02198334121459722,0.0016369149088859558,0.00010037480387836695,0.0056200773
002061.npy,27.802845800742794,27.90397338084258,0.6781404725868637,0.6865082675938606,0.029640711843967438,0.029267864301800728,0.001658499939367175,0.0016203270060941577,0.21966025,0.2128456,0.10112758009978506,0.008367795006996914,-0.0003728475421667099,-3.8172933273017406e-05,-0.0068146586
002062.npy,27.05063774608498,27.230860502296814,0.6577344008657933,0.6668957093276153,0.032537080347537994,0.03185641020536423,0.0019721330609172583,0.0018919686553999782,0.24233949,0.23560515,0.18022275621183326,0.00916130846182206,-0.0006806701421737671,-8.01644055172801e-05,-0.0067343414
002068.npy,24.51583426886962,24.478961702857127,0.6808249423068864,0.6826634185623406,0.04159512743353844,0.04172764718532562,0.003535221330821514,0.003565363585948944,0.34334153,0.34367162,-0.036872566012494445,0.0018384762554541911,0.00013251975178718567,3.0142255127429962e-05,0.00033009052
002088.npy,24.637693816640702,24.62889302082427,0.7004341489296555,0.6994117037260864,0.04002201929688454,0.039893925189971924,0.0034374045208096504,0.003444377100095153,0.34031093,0.3405054,-0.008800795816434004,-0.001022445203569089,-0.00012809410691261292,6.972579285502434e-06,0.00019446015
002101.npy,28.18537931351348,28.175843362671074,0.8165404853312336,0.8186920414309576,0.02753550000488758,0.02752322517335415,0.0015186653472483158,0.0015220035566017032,0.1846692,0.18249492,-0.009535950842405327,0.0021515560997240613,-1.2274831533432007e-05,3.338209353387356e-06,-0.0021742731
002135.npy,22.247233143572057,22.288249528643327,0.645588037632037,0.6472819614642821,0.058256711810827255,0.057974137365818024,0.005960417911410332,0.005904390010982752,0.50190914,0.49899885,0.04101638507126992,0.0016939238322450922,-0.00028257444500923157,-5.602790042757988e-05,-0.0029102862
002139.npy,26.2473235280911,26.16753196179863,0.787344484659167,0.7759523427734245,0.03533696383237839,0.035905398428440094,0.002372835762798786,0.0024168340023607016,0.26171196,0.260972,-0.07979156629247086,-0.011392141885742446,0.0005684345960617065,4.39982395619154e-05,-0.00073996186
002146.npy,22.933184136659513,23.02527101804354,0.5876859541621279,0.6058299881944731,0.05562721565365791,0.05502808094024658,0.00508957589045167,0.00498279370367527,0.48664612,0.47983584,0.09208688138402721,0.018144034032345213,-0.0005991347134113312,-0.00010678218677639961,-0.0068102777
002160.npy,25.315145119742933,25.27411753716809,0.7187423102475964,0.7117879099200917,0.035793110728263855,0.03620453178882599,0.002940935315564275,0.002968850079923868,0.27460182,0.27315915,-0.041027582574841404,-0.006954400327504717,0.0004114210605621338,2.791476435959339e-05,-0.0014426708
002169.npy,27.56107556312514,27.407704730347472,0.8536339872805457,0.852586916499991,0.026936296373605728,0.03183513507246971,0.0017534461803734303,0.0018164754146710038,0.18827227,0.18642876,-0.15337083277766794,-0.0010470707805547708,0.004898838698863983,6.302923429757357e-05,-0.0018435121
002182.npy,26.868281379268506,26.87541524544443,0.7979715320697724,0.8036154719704308,0.03304785490036011,0.03298349678516388,0.002056704368442297,0.0020533285569399595,0.22118458,0.21647008,0.007133866175923487,0.005643939900658368,-6.435811519622803e-05,-3.3758115023374557e-06,-0.004714504
002191.npy,24.558565237164235,24.425222506809817,0.7785415045948326,0.7765416153856008,0.03468130901455879,0.03747033700346947,0.0035006077960133553,0.003609755076467991,0.24118152,0.23613806,-0.13334273035441768,-0.0019998892092317755,0.002789027988910675,0.00010914728045463562,-0.005043462
002198.npy,31.448505785889125,31.364335967887165,0.8462573449094891,0.8415492202222645,0.018805716186761856,0.019180597737431526,0.0007163897971622646,0.0007304095197468996,0.14735207,0.1486382,-0.08416981800196055,-0.004708124687224591,0.0003748815506696701,1.401972258463502e-05,0.0012861341
002199.npy,32.89677169320605,32.7707203929571,0.8782787115956023,0.8713745390189365,0.014656859450042248,0.015117429196834564,0.0005132427904754877,0.0005283575737848878,0.113180265,0.11415271,-0.12605130024894606,-0.006904172576665868,0.00046056974679231644,1.5114783309400082e-05,0.0009724423
002200.npy,24.203323042878825,24.259957993821146,0.632792931951649,0.641650707902673,0.04257307946681976,0.04208958148956299,0.003798986319452524,0.0037497663870453835,0.3263956,0.31996295,0.05663495094232118,0.008857775951023994,-0.0004834979772567749,-4.921993240714073e-05,-0.0064326525
002214.npy,33.10681584840331,33.02869455908605,0.839265501636982,0.8393178588995933,0.014898199588060379,0.014952114783227444,0.0004890107084065676,0.0004978867364116013,0.12612593,0.12604642,-0.07812128931725937,5.235726261132445e-05,5.391519516706467e-05,8.876028005033731e-06,-7.9512596e-05
002235.npy,26.602589152062208,26.514398240815385,0.7092861226576781,0.7096467781343376,0.03551512584090233,0.03574931249022484,0.0021864576265215874,0.0022313115186989307,0.18171835,0.1777409,-0.08819091124682288,0.0003606554766595327,0.00023418664932250977,4.485389217734337e-05,-0.0039774477
002237.npy,23.094365299221504,23.03126303449968,0.7573994104230599,0.7443325927963406,0.045890823006629944,0.0463857464492321,0.004904146771878004,0.004975923802703619,0.38906923,0.39023602,-0.06310226472182379,-0.013066817626719351,0.0004949234426021576,7.177703082561493e-05,0.0011667907
002253.npy,25.34863487135596,25.06945370307178,0.5501577854783573,0.5478984282568805,0.03967304155230522,0.04025266692042351,0.002918344223871827,0.0031121077481657267,0.2907446,0.29062462,-0.27918116828417894,-0.0022593572214767432,0.0005796253681182861,0.00019376352429389954,-0.00011998415
002255.npy,25.098213818085174,24.843769364614285,0.5503857312232675,0.5479694479990788,0.04079343006014824,0.041387155652046204,0.0030915667302906513,0.003278106451034546,0.29677963,0.29630512,-0.25444445347088873,-0.002416283224188742,0.0005937255918979645,0.00018653972074389458,-0.00047451258
002264.npy,20.562620642021177,20.45251900901231,0.842237091308309,0.8372411191486576,0.053277309983968735,0.05651271715760231,0.008784922771155834,0.009010483510792255,0.41269517,0.41997242,-0.11010163300886688,-0.004995972159651418,0.0032354071736335754,0.0002255607396364212,0.0072772503
002267.npy,25.670323499147514,25.53540224314426,0.8800607457449837,0.8807964514312996,0.02454846166074276,0.024846021085977554,0.002709989668801427,0.002795501844957471,0.21209708,0.21290553,-0.13492125600325267,0.0007357056863158684,0.0002975594252347946,8.5512176156044e-05,0.0008084476
002278.npy,28.42429218862002,28.574266159220855,0.4885332415835261,0.4894686575869322,0.029614310711622238,0.029235195368528366,0.0014373773010447621,0.0013885878724977374,0.21468168,0.21172944,0.14997397060083628,0.0009354160034060754,-0.00037911534309387207,-4.878942854702473e-05,-0.0029522479
002294.npy,24.207317857486007,24.12369438533301,0.7690032502829545,0.7705879151476585,0.03684855252504349,0.037039365619421005,0.003795493161305785,0.003869283478707075,0.3027428,0.30272147,-0.08362347215299692,0.0015846648647039885,0.0001908130943775177,7.379031740128994e-05,-2.1338463e-05
002300.npy,25.198152255695582,25.21448792428356,0.542116562856772,0.539731499954327,0.043593816459178925,0.04352894052863121,0.003021236741915345,0.0030098939314484596,0.3463961,0.34500524,0.016335668587977636,-0.002385062902445001,-6.487593054771423e-05,-1.1342810466885567e-05,-0.0013908446
002301.npy,32.02536545414562,32.50047709233328,0.8028825893753841,0.8212194525038004,0.018206138163805008,0.017411034554243088,0.0006272828904911876,0.0005622795433737338,0.1195418,0.108398974,0.47511163818765567,0.018336863128416203,-0.0007951036095619202,-6.500334711745381e-05,-0.011142828
002317.npy,18.903441186004876,18.91075230168388,0.5230382174417397,0.5272129367513936,0.08662332594394684,0.08763700723648071,0.01287229172885418,0.012850640341639519,0.76915985,0.76904875,0.0073111156790020004,0.0041747193096538515,0.0010136812925338745,-2.1651387214660645e-05,-0.00011110306
002324.npy,29.521694843954343,29.491132342961635,0.812102243160543,0.8136694035050869,0.022782672196626663,0.022677693516016006,0.0011164274765178561,0.0011243117041885853,0.14501095,0.14207308,-0.030562500992708408,0.0015671603445438498,-0.00010497868061065674,7.88422767072916e-06,-0.0029378682
002327.npy,29.90376449901103,30.00297702853208,0.8107345037684888,0.8143591331754495,0.024060964584350586,0.02378450706601143,0.0010224063880741596,0.0009993147104978561,0.13332626,0.1281062,0.09921252952105064,0.003624629406960733,-0.0002764575183391571,-2.3091677576303482e-05,-0.0052200556
002336.npy,21.240018547764684,21.116254113175238,0.610306099871465,0.604526522225528,0.056188661605119705,0.056574031710624695,0.007516196928918362,0.007733473088592291,0.4648312,0.46925557,-0.12376443458944664,-0.005779577645936951,0.0003853701055049896,0.00021727615967392921,0.0044243634
002343.npy,29.302081020972057,29.29339550316434,0.7209228889434859,0.7187009889784287,0.02611694484949112,0.026317907497286797,0.00117433478590101,0.0011766855604946613,0.17223932,0.16913404,-0.008685517807716536,-0.0022218999650571725,0.00020096264779567719,2.3507745936512947e-06,-0.0031052828
002363.npy,23.83489350925039,23.73363870789789,0.774226691516541,0.7731152450135685,0.040419802069664,0.041401930153369904,0.004135334864258766,0.004232882056385279,0.33574337,0.33605936,-0.10125480135249987,-0.0011114465029724574,0.000982128083705902,9.754719212651253e-05,0.00031599402
002385.npy,21.980318632133468,22.02684906296954,0.2753821604454006,0.26622782555984287,0.06073317676782608,0.06053605675697327,0.006338232196867466,0.006270687095820904,0.45897257,0.4562918,0.046530430836071446,-0.009154334885557724,-0.00019712001085281372,-6.75451010465622e-05,-0.0026807785
002391.npy,25.42336463401375,25.31143252924514,0.5873439773288193,0.5827418835641263,0.036119066178798676,0.03670404851436615,0.0028685571160167456,0.0029434505850076675,0.26923877,0.26700622,-0.11193210476861282,-0.004602093764693005,0.0005849823355674744,7.489346899092197e-05,-0.0022325516
002393.npy,19.98629476969453,19.882977141692958,0.6536862702207046,0.6508183698454562,0.0711931586265564,0.07186240702867508,0.010031607002019882,0.010273118503391743,0.6042921,0.6103559,-0.10331762800157307,-0.0028679003752484222,0.0006692484021186829,0.0002415115013718605,0.006063819
002432.npy,28.890458159314836,29.132457166209193,0.8754666162900329,0.8853791595574468,0.019285401329398155,0.01907423883676529,0.0012910830555483699,0.0012211085995659232,0.112133205,0.10578385,0.24199900689435694,0.009912543267413976,-0.0002111624926328659,-6.997445598244667e-05,-0.006349355
002433.npy,27.374782683497298,27.38112657510299,0.7422343169208188,0.7404405181549069,0.02692180685698986,0.02689935639500618,0.0018302976386621594,0.0018276260234415531,0.2191685,0.2174001,0.006343891605691709,-0.0017937987659119026,-2.2450461983680725e-05,-2.671615220606327e-06,-0.0017683953
002435.npy,25.87840152984799,25.97115403897144,0.6898494577357869,0.6916508948508052,0.03359933942556381,0.03334880620241165,0.0025832108221948147,0.0025286260060966015,0.27404106,0.2709642,0.09275250912345001,0.001801437115018345,-0.00025053322315216064,-5.4584816098213196e-05,-0.0030768514
002449.npy,31.796539746447987,31.935012513361208,0.8285224454262033,0.8388188587008873,0.016747131943702698,0.01636699214577675,0.000661220052279532,0.0006404699524864554,0.12169619,0.11620938,0.13847276691322108,0.010296413274684002,-0.0003801397979259491,-2.0750099793076515e-05,-0.0054868087
002450.npy,31.6841920538292,31.880766116168978,0.8245356805121936,0.8360933031161886,0.01704300381243229,0.016471227630972862,0.0006785483565181494,0.0006485200137831271,0.124130934,0.11816299,0.1965740623397778,0.011557622603994955,-0.0005717761814594269,-3.0028342735022306e-05,-0.005967945
002454.npy,25.903162785060687,25.874197051175187,0.7958859193925281,0.7954895218199864,0.03888041898608208,0.03907843679189682,0.0025685245636850595,0.002585712820291519,0.30453104,0.30398047,-0.02896573388549939,-0.000396397572541618,0.00019801780581474304,1.7188256606459618e-05,-0.0005505681
002489.npy,28.972199305250324,29.258326212333813,0.6274566456215642,0.6370216027690172,0.02729838341474533,0.02665628492832184,0.0012670101132243872,0.0011862257961183786,0.17845018,0.17030829,0.28612690708348865,0.00956495714745298,-0.0006420984864234924,-8.078431710600853e-05,-0.00814189
002511.npy,21.77699537914989,21.83875915674616,0.4644507399097029,0.45941456401742947,0.05584419146180153,0.055579930543899536,0.006642024498432875,0.006548232398927212,0.44420713,0.43859786,0.061763777596269165,-0.005036175892273453,-0.0002642609179019928,-9.379209950566292e-05,-0.005609274
002520.npy,27.282412669291283,27.203951642159897,0.7618590256408937,0.7605256902088207,0.02602153643965721,0.02618931233882904,0.0018696432234719396,0.0019037277670577168,0.20869055,0.20745699,-0.07846102713138592,-0.001333335432073035,0.00016777589917182922,3.408454358577728e-05,-0.0012335628
002532.npy,26.12530728280546,26.1663965249407,0.70862768980219,0.7070000427767485,0.034224942326545715,0.034090928733348846,0.002440446289256215,0.002417466137558222,0.28808966,0.28638786,0.0410892421352429,-0.001627647025441492,-0.0001340135931968689,-2.298015169799328e-05,-0.001701802
002556.npy,30.21456568262586,30.19553348571791,0.8883511622009277,0.8893299527485371,0.022423695772886276,0.02254149504005909,0.0009517949656583369,0.0009559752652421594,0.15625937,0.1545991,-0.01903219690795055,0.0009787905476094094,0.00011779926717281342,4.180299583822489e-06,-0.0016602725
002557.npy,26.37068963468699,26.34168552157375,0.7603705079664089,0.7618286914225998,0.033937931060791016,0.034069422632455826,0.0023063807748258114,0.002321835607290268,0.28682345,0.2868171,-0.02900411311323836,0.0014581834561908646,0.00013149157166481018,1.5454832464456558e-05,-6.3478947e-06
002558.npy,27.31514437673319,27.29496310868239,0.7792521927084177,0.7838458188614473,0.030728599056601524,0.03065880946815014,0.0018556051654741168,0.0018642479553818703,0.26076117,0.26001266,-0.020181268050802004,0.004593626153029606,-6.97895884513855e-05,8.642789907753468e-06,-0.0007485151
002568.npy,28.407387243985653,28.393909675343064,0.7680976742357611,0.766071280582618,0.027591897174715996,0.027646219357848167,0.0014429830480366945,0.001447468064725399,0.20753928,0.20655853,-0.013477568642588977,-0.002026393653143166,5.432218313217163e-05,4.485016688704491e-06,-0.0009807497
002572.npy,30.73886429552532,30.479027171487743,0.9096345597961247,0.9084726388794184,0.019984420388936996,0.02097693271934986,0.000843555259052664,0.0008955654338933527,0.10064246,0.09858882,-0.25983712403757764,-0.001161920916706305,0.0009925123304128647,5.2010174840688705e-05,-0.0020536408
002598.npy,24.499152574993634,24.521272236924823,0.8126027152793678,0.8098205278670825,0.03898731246590614,0.03911001607775688,0.0035488265566527843,0.0035307970829308033,0.32934496,0.32896215,0.022119661931188972,-0.0027821874122853085,0.00012270361185073853,-1.802947372198105e-05,-0.00038281083
002604.npy,28.74714980721322,28.72299690662924,0.6687789722111523,0.666346264172364,0.027577605098485947,0.027562374249100685,0.0013343970058485866,0.0013418388552963734,0.1694578,0.16648148,-0.02415290058397801,-0.002432708038788367,-1.5230849385261536e-05,7.441849447786808e-06,-0.0029763132
002612.npy,28.735308141931885,28.973089764580923,0.7637184284662344,0.772895719097767,0.024599043652415276,0.02392149157822132,0.0013380402233451605,0.0012667502742260695,0.17477825,0.16925992,0.23778162264903813,0.009177290631532609,-0.0006775520741939545,-7.128994911909103e-05,-0.005518332
002613.npy,30.85331836229223,31.07015189176309,0.8350848213688731,0.8460975169955492,0.021378599107265472,0.0207773856818676,0.0008216146379709244,0.0007816004217602313,0.12861598,0.12023997,0.21683352947085766,0.011012695626676172,-0.0006012134253978729,-4.001421621069312e-05,-0.008376002
002625.npy,24.555953829208576,24.7273571235911,0.4174348802008718,0.41983712914475796,0.04563218727707863,0.04483068361878395,0.003502713516354561,0.003367164172232151,0.32149446,0.31294137,0.17140329438252522,0.0024022489438861316,-0.0008015036582946777,-0.00013554934412240982,-0.008553088
002640.npy,23.63322349006917,23.58951871179442,0.6959941068128156,0.6959262379963228,0.04446299001574516,0.04488562047481537,0.004331892356276512,0.00437570596113801,0.35019222,0.34974638,-0.04370477827475128,-6.786881649278875e-05,0.0004226304590702057,4.381360486149788e-05,-0.00044584274
002660.npy,26.218409861094724,26.243829949519725,0.7519813805844523,0.7553699251614455,0.03302372992038727,0.03295087441802025,0.0023886857088655233,0.002374744974076748,0.2406977,0.23640677,0.025420088425001097,0.0033885445769932243,-7.285550236701965e-05,-1.3940734788775444e-05,-0.0042909235
002675.npy,25.18097363034595,25.14827589075672,0.7542001260109352,0.7592773319223197,0.03505977988243103,0.03495777025818825,0.00303321098908782,0.003056134097278118,0.27500594,0.27111176,-0.03269773958922784,0.005077205911384497,-0.00010200962424278259,2.292310819029808e-05,-0.00389418
002680.npy,25.90681024378814,25.786425868672023,0.7808468481253328,0.7744671124131978,0.029476769268512726,0.029981233179569244,0.0025663680862635374,0.0026385020464658737,0.24807018,0.25031018,-0.12038437511611733,-0.006379735712135015,0.0005044639110565186,7.213396020233631e-05,0.0022400022
002690.npy,25.009625583097442,24.9749641787785,0.7655135695986873,0.7620157592186232,0.03321850672364235,0.03377417102456093,0.003155276644974947,0.003180560190230608,0.2649324,0.26258823,-0.0346614043189426,-0.003497810380064137,0.0005556643009185791,2.528354525566101e-05,-0.0023441613
002693.npy,34.087765803733,34.81502631516771,0.9118538787634373,0.9254290979504586,0.014330398291349411,0.012364823371171951,0.00039014266803860664,0.0003299873787909746,0.063250914,0.05851171,0.7272605114347073,0.013575219187021315,-0.0019655749201774597,-6.015528924763203e-05,-0.0047392026
002695.npy,22.70326938623169,22.755165665103917,0.25102321729544597,0.24961866485143733,0.05822768807411194,0.05798172205686569,0.0053662764839828014,0.005302533973008394,0.43208775,0.4291337,0.0518962788722277,-0.0014045524440086388,-0.00024596601724624634,-6.37425109744072e-05,-0.002954036
002729.npy,32.7036943101319,33.04544352158106,0.8797843071275949,0.8944191256514787,0.01600811630487442,0.01567835360765457,0.0005365751567296684,0.0004959702491760254,0.085722476,0.07803162,0.34174921144916226,0.014634818523883819,-0.00032976269721984863,-4.060490755364299e-05,-0.0076908544
002731.npy,32.22671959687501,32.311361670690765,0.8891769038293473,0.8989057267365027,0.016031011939048767,0.016105176880955696,0.000598863756749779,0.0005873051704838872,0.09610474,0.08961691,0.08464207381575761,0.009728822907155377,7.416494190692902e-05,-1.155858626589179e-05,-0.0064878315
002734.npy,27.53633191655862,27.551986652651106,0.7313125643847697,0.7380122750031476,0.029160382226109505,0.029086969792842865,0.0017634648829698563,0.001757119782269001,0.20159306,0.19748789,0.015654736092486132,0.00669971061837793,-7.341243326663971e-05,-6.345100700855255e-06,-0.0041051656
002747.npy,30.135338875393916,30.35010426376776,0.7765527226014137,0.7822579712049961,0.023263348266482353,0.022793415933847427,0.0009693176252767444,0.0009225492249242961,0.17004171,0.16271858,0.21476538837384496,0.005705248603582347,-0.00046993233263492584,-4.6768400352448225e-05,-0.007323131
002767.npy,32.60550535910713,33.117637217337524,0.7503481421542764,0.766932616248846,0.01754642464220524,0.016666579991579056,0.0005488446913659573,0.0004877938190475106,0.1152792,0.107150905,0.5121318582303971,0.016584474094569646,-0.0008798446506261826,-6.105087231844664e-05,-0.008128293
002773.npy,27.142482795098225,26.94298075888841,0.7792174877641052,0.7731474311667234,0.0318257100880146,0.032558780163526535,0.0019308642949908972,0.0020216309931129217,0.24122865,0.24189825,-0.19950203620981455,-0.006070056597381801,0.0007330700755119324,9.076669812202454e-05,0.0006695986
002777.npy,22.966349292413135,22.943594236287797,0.7517844244981706,0.7491105702104754,0.044819239526987076,0.045343656092882156,0.0050508566200733185,0.005077390931546688,0.3814509,0.38138402,-0.022755056125337347,-0.0026738542876951765,0.0005244165658950806,2.65343114733696e-05,-6.687641e-05
002790.npy,23.00123649169864,23.056951413659327,0.45528665781628064,0.4539587778398697,0.0555935874581337,0.05525783821940422,0.005010445602238178,0.004946578294038773,0.4633452,0.46026805,0.055714921960685615,-0.0013278799764109284,-0.00033574923872947693,-6.386730819940567e-05,-0.0030771494
002796.npy,26.03634002422137,26.02481633182579,0.8278010422126373,0.8300560649412762,0.029087891802191734,0.02935684099793434,0.002490955637767911,0.002497574081644416,0.2078189,0.20427215,-0.011523692395581264,0.002255022728638867,0.0002689491957426071,6.618443876504898e-06,-0.0035467446
002799.npy,28.616922778339898,28.774978991157308,0.4992076306254566,0.5010225635222569,0.029296942055225372,0.02887226827442646,0.0013750158250331879,0.0013258734252303839,0.20917559,0.20616814,0.1580562128174101,0.0018149328968003475,-0.00042467378079891205,-4.914239980280399e-05,-0.0030074418
002811.npy,29.476965432902524,29.547172918518786,0.6968445524560036,0.6962364694381953,0.02301851287484169,0.0228889137506485,0.0011279854224994779,0.0011098971590399742,0.18122669,0.179662,0.07020748561626178,-0.0006080830178083474,-0.00012959912419319153,-1.808826345950365e-05,-0.0015646815
002814.npy,27.433234183715793,27.257966576151397,0.8632734336838425,0.8631892634522915,0.027880162000656128,0.028496643528342247,0.0018058287678286433,0.001880197087302804,0.18203795,0.17967819,-0.17526760756439685,-8.417023155093961e-05,0.0006164815276861191,7.436831947416067e-05,-0.0023597628
002824.npy,23.88408281598184,23.86629427997503,0.7204654121062429,0.7187340288251625,0.04368652403354645,0.04402509331703186,0.004088760819286108,0.004105542786419392,0.34847584,0.3486802,-0.01778853600681174,-0.0017313832810804675,0.0003385692834854126,1.6781967133283615e-05,0.00020435452
002842.npy,29.241289029712668,29.199405097279833,0.8609723522107768,0.8655586077697892,0.020377125591039658,0.020257825031876564,0.001190888462588191,0.0012024291791021824,0.12702617,0.12416834,-0.04188393243283528,0.0045862555590123755,-0.00011930055916309357,1.1540716513991356e-05,-0.002857834
002848.npy,29.68369912768551,29.957658115378667,0.7048259942100625,0.7102813625636846,0.023213032633066177,0.022477712482213974,0.0010755487019196153,0.0010097972117364407,0.17344755,0.16756049,0.2739589876931561,0.0054553683536220365,-0.0007353201508522034,-6.575149018317461e-05,-0.0058870614
002853.npy,20.99076825336234,20.900168798395327,0.6822711553672962,0.6635051376104355,0.0609242245554924,0.06150684505701065,0.007960185408592224,0.008127989247441292,0.536154,0.5423766,-0.0905994549670126,-0.01876601775686071,0.0005826205015182495,0.0001678038388490677,0.0062226057
002863.npy,24.879855966849412,24.876979242788554,0.7696825319335535,0.7724993171441741,0.04319870099425316,0.043351076543331146,0.003250980982556939,0.003253134898841381,0.36237052,0.36587188,-0.002876724060858038,0.002816785210620565,0.00015237554907798767,2.153916284441948e-06,0.0035013556
002869.npy,33.279940351674774,33.64197280861711,0.809878953971263,0.8199574176301136,0.016232045367360115,0.015760177746415138,0.0004699005512520671,0.0004323174071032554,0.108137056,0.10238047,0.36203245694233743,0.010078463658850678,-0.0004718676209449768,-3.75831441488117e-05,-0.005756587
002879.npy,25.997844502784062,26.012301059372895,0.8074841674673912,0.8076624953739681,0.026806753128767014,0.026798460632562637,0.0025131332222372293,0.0025047813542187214,0.22440158,0.22514908,0.014456556588832825,0.00017832790657690278,-8.29249620437622e-06,-8.351868018507957e-06,0.00074750185
002888.npy,26.68192149542302,26.56193044682757,0.7570930720896423,0.7533439217994213,0.0336604006588459,0.03443802148103714,0.0021468803752213717,0.00220702332444489,0.22698575,0.2243712,-0.11999104859544829,-0.0037491502902209373,0.0007776208221912384,6.014294922351837e-05,-0.0026145577
002896.npy,28.099648161903374,28.13992902128256,0.7721111869184384,0.7731830639026144,0.028149902820587158,0.028065914288163185,0.0015489420620724559,0.0015346421860158443,0.19902177,0.19696599,0.04028085937918391,0.00107187698417599,-8.398853242397308e-05,-1.4299876056611538e-05,-0.002055779
002904.npy,28.26946771726704,28.281541580859567,0.7945492273084205,0.7959213230119124,0.0262964628636837,0.0262700654566288,0.0014895435888320208,0.0014854082837700844,0.2005615,0.19759789,0.01207386359252638,0.001372095703491949,-2.6397407054901123e-05,-4.1353050619363785e-06,-0.0029636025
002911.npy,29.491546745884932,29.385205681105813,0.6585207341559939,0.6459225150441676,0.022771373391151428,0.02298661693930626,0.0011242043692618608,0.001152071519754827,0.18084346,0.18252994,-0.10634106477911942,-0.012598219111826237,0.00021524354815483093,2.7867150492966175e-05,0.0016864836
002919.npy,27.17346005025735,27.191813051852733,0.7657077670409009,0.7702954826392802,0.0297953262925148,0.029721181839704514,0.001917140674777329,0.0019090560963377357,0.21938865,0.2165411,0.01835300159538278,0.004587715598379227,-7.414445281028748e-05,-8.084578439593315e-06,-0.0028475523
002931.npy,22.042714393655434,22.005368120287535,0.44430557028720785,0.43977105210945383,0.05903087183833122,0.059110306203365326,0.006247820798307657,0.006301778834313154,0.47328725,0.47273916,-0.03734627336789842,-0.004534518177754021,7.94343650341034e-05,5.395803600549698e-05,-0.0005480945
002939.npy,27.196891051321252,26.999427345252872,0.6630390309196338,0.6527642974885265,0.031761959195137024,0.03243321552872658,0.001906825345940888,0.001995525322854519,0.24649566,0.24606909,-0.1974637060683797,-0.010274733431107297,0.0006712563335895538,8.869997691363096e-05,-0.00042657554
002945.npy,23.85401179409367,23.927921262000446,0.6890106563732242,0.6986646015777588,0.049588024616241455,0.04908769577741623,0.004117170348763466,0.004047696013003588,0.42712927,0.42247668,0.07390946790677688,0.009653945204534553,-0.0005003288388252258,-6.947433575987816e-05,-0.0046525896
002959.npy,26.684156431824654,26.6953569463068,0.6615594512071833,0.6557615303955413,0.03451170027256012,0.034613095223903656,0.0021457758266478777,0.002140249125659466,0.26946467,0.26728323,0.011200514482144541,-0.005797920811641988,0.00010139495134353638,-5.526700988411903e-06,-0.0021814406
002977.npy,28.161189652760697,28.184905520833,0.6859867193868459,0.6837177141949833,0.026664065197110176,0.02662239596247673,0.0015271477168425918,0.0015188310062512755,0.2094291,0.20857725,0.023715868072301305,-0.002269005191862572,-4.166923463344574e-05,-8.316710591316223e-06,-0.0008518547
003003.npy,31.478133570620045,31.646324592310723,0.8103646307669878,0.8281039584860802,0.017580825835466385,0.01692231185734272,0.0007115192129276693,0.0006844907184131444,0.12067594,0.11180786,0.1681910216906779,0.017739327719092368,-0.0006585139781236649,-2.7028494514524937e-05,-0.008868076
003005.npy,24.092771208246685,24.0222646029019,0.7322727519047227,0.7177057833963149,0.04116957634687424,0.04169882461428642,0.0038969325833022594,0.0039607142098248005,0.3556176,0.35861668,-0.07050660534478581,-0.014566968508407885,0.0005292482674121857,6.378162652254105e-05,0.0029990673
003016.npy,22.153060872736205,22.20996931293194,0.734046490374405,0.7436282094926224,0.057353898882865906,0.056947898119688034,0.0060910750180482864,0.006011779885739088,0.47634402,0.47354677,0.056908440195734045,0.00958171911821748,-0.0004060007631778717,-7.929513230919838e-05,-0.002797246
003019.npy,27.33377937962016,27.502071143620526,0.42814242045165596,0.43010304838619756,0.03405850753188133,0.03351198509335518,0.001847660169005394,0.0017774314619600773,0.24347246,0.23839721,0.16829176400036516,0.0019606279345416033,-0.0005465224385261536,-7.02287070453167e-05,-0.005075246
003033.npy,23.77418906863387,23.872194257755986,0.5619796656023284,0.5639276081570359,0.048261284828186035,0.04776922985911369,0.004193542990833521,0.004099968820810318,0.40436265,0.39949128,0.09800518912211587,0.001947942554707538,-0.0004920549690723419,-9.35741700232029e-05,-0.0048713684
003045.npy,29.402552783994697,29.576808580599987,0.5512225207249113,0.5562156372997761,0.026364225894212723,0.02597592957317829,0.0011474789353087544,0.0011023491388186812,0.18223757,0.1777511,0.17425579660529067,0.0049931165748647865,-0.00038829632103443146,-4.5129796490073204e-05,-0.0044864714
003056.npy,23.410990376313254,23.43384414764173,0.6645317844522944,0.6635669512597142,0.042687952518463135,0.04247133433818817,0.004559329245239496,0.0045354003086686134,0.35003832,0.3476386,0.022853771328474437,-0.0009648331925802278,-0.00021661818027496338,-2.3928936570882797e-05,-0.0023997128
003065.npy,27.672106683641886,27.641676445429834,0.8224122924161404,0.824252875834249,0.026564184576272964,0.026493677869439125,0.0017091860063374043,0.001721204025670886,0.21289547,0.20952134,-0.03043023821205182,0.0018405834181085545,-7.050670683383942e-05,1.2018019333481789e-05,-0.0033741295
003072.npy,24.19624176286891,24.16296922075057,0.8046661004742458,0.8127459672387298,0.03160115331411362,0.03112037107348442,0.003805185668170452,0.003834450151771307,0.25914258,0.25375694,-0.033272542118343296,0.008079866764484023,-0.00048078224062919617,2.9264483600854874e-05,-0.0053856373
003073.npy,32.007649729862976,32.61103210604545,0.802364419144392,0.8419853102114797,0.01696803793311119,0.01518755778670311,0.0006298469379544258,0.000548146665096283,0.11899675,0.10377413,0.6033823761824735,0.03962089106708766,-0.001780480146408081,-8.170027285814285e-05,-0.0152226165
003080.npy,28.408555293374647,28.44497856798611,0.8470719014355242,0.8512244355174675,0.024204794317483902,0.023974448442459106,0.0014425951521843672,0.001430547097697854,0.17698976,0.17400302,0.036423274611461665,0.004152534081943271,-0.00023034587502479553,-1.2048054486513138e-05,-0.002986744
003090.npy,26.013583573710694,25.929450075628104,0.7731124502220228,0.7695067683866843,0.03266242891550064,0.03311114013195038,0.0025040421169251204,0.0025530243292450905,0.26741382,0.2705667,-0.08413349808258985,-0.0036056818353384923,0.00044871121644973755,4.898221231997013e-05,0.003152877
003092.npy,27.310991446141767,27.414169891295955,0.6538694651208687,0.6609084574466159,0.031151967123150826,0.030766790732741356,0.0018573804991319776,0.0018137732986360788,0.22993354,0.2245672,0.10317844515418884,0.007038992325747118,-0.0003851763904094696,-4.3607200495898724e-05,-0.0053663403
003105.npy,32.24798612266952,32.397530087613674,0.9201450417160615,0.9176251490305662,0.011829601600766182,0.01216643676161766,0.0005959384725429118,0.0005757673061452806,0.08648586,0.085647024,0.1495439649441508,-0.0025198926854952397,0.0003368351608514786,-2.017116639763117e-05,-0.0008388385
003107.npy,33.005083451308366,32.99281028456678,0.9294999457159638,0.9256233854011856,0.010639650747179985,0.011254440061748028,0.0005006009596399963,0.0005020176176913083,0.079394266,0.07911259,-0.012273166741586294,-0.0038765603147782324,0.0006147893145680428,1.4166580513119698e-06,-0.00028167665
003110.npy,27.73781258899117,27.706753808694792,0.7555637414713565,0.7597986346609362,0.02937909960746765,0.02935328707098961,0.0016835217829793692,0.0016956047620624304,0.1877538,0.18361937,-0.031058780296376653,0.004234893189579703,-2.5812536478042603e-05,1.2082979083061218e-05,-0.0041344315
003113.npy,24.54797911325107,24.462376220129403,0.7737032424767204,0.7664712568475064,0.03677986562252045,0.03703936189413071,0.003509151516482234,0.0035790055990219116,0.31181765,0.31197888,-0.08560289312166702,-0.0072319856292140106,0.00025949627161026,6.985408253967762e-05,0.00016123056
003116.npy,32.49511097983013,32.76066757061805,0.7354705277920961,0.7478562322458625,0.018101532012224197,0.017827466130256653,0.0005629747174680233,0.0005295820301398635,0.113573395,0.1073384,0.2655565907879165,0.01238570445376641,-0.00027406588196754456,-3.339268732815981e-05,-0.006234996
003120.npy,35.635752591079054,35.804418885682935,0.902429672912009,0.9096170049028658,0.011607218533754349,0.011283399537205696,0.0002731648273766041,0.0002627593057695776,0.07627312,0.07163518,0.16866629460388083,0.007187331990856749,-0.00032381899654865265,-1.0405521607026458e-05,-0.0046379417
003129.npy,30.22264090645107,30.30609897272937,0.6110708946663802,0.6146251435544788,0.02316749468445778,0.022994432598352432,0.0009500269079580903,0.0009319446398876607,0.18523344,0.182567,0.08345806627830044,0.0035542488880986323,-0.00017306208610534668,-1.8082268070429564e-05,-0.0026664436
003138.npy,23.837906486383467,23.827990570785992,0.7115832231041973,0.7109739134574772,0.04294214025139809,0.04289359599351883,0.0041324663907289505,0.004141912795603275,0.37457678,0.37431827,-0.009915915597474623,-0.0006093096467201242,-4.85442578792572e-05,9.446404874324799e-06,-0.00025850534
003160.npy,25.151998862963335,25.077502228453646,0.740395230279712,0.7430090016754428,0.03495986759662628,0.03517436981201172,0.003053515451028943,0.003106345422565937,0.26424116,0.26081166,-0.07449663450968913,0.002613771395730824,0.000214502215385437,5.282997153699398e-05,-0.0034295022
003171.npy,30.259205624008278,30.343724716188618,0.7736048293482028,0.775091425765641,0.021769346669316292,0.02158983238041401,0.0009420619462616742,0.000923905405215919,0.16665995,0.16457547,0.08451909218034004,0.0014865964174382018,-0.00017951428890228271,-1.8156541045755148e-05,-0.0020844787
003174.npy,28.247391079914518,28.297187498740705,0.8253179874134846,0.8311342381179649,0.023627109825611115,0.0235857293009758,0.0014971347991377115,0.0014800665667280555,0.1778005,0.17176734,0.049796418826186795,0.00581625070448033,-4.138052463531494e-05,-1.7068232409656048e-05,-0.0060331672
003185.npy,24.674196320409685,24.641129282927622,0.8002606654835325,0.7955136369486153,0.040432754904031754,0.040877051651477814,0.003408634103834629,0.003434686455875635,0.35346887,0.35418773,-0.033067037482062744,-0.004747028534917153,0.0004442967474460602,2.6052352041006088e-05,0.0007188618
