filename,psnr_ssim,psnr_edge,ssim_ssim,ssim_edge,mae_ssim,mae_edge,mse_ssim,mse_edge,grad_mae_ssim,grad_mae_edge,d_PSNR,d_SSIM,d_MAE,d_MSE,d_GradMAE
000001.npy,31.00747361658357,31.036494453775813,0.8420154452762678,0.8443540590130091,0.020643115043640137,0.02056053653359413,0.0007929624407552183,0.0007876813178882003,0.14702353,0.14501318,0.0290208371922418,0.0023386137367412685,-8.257851004600525e-05,-5.281122867017984e-06,-0.0020103455
000021.npy,30.810346130115857,30.845892002604018,0.8444531540334299,0.8470364180471972,0.018505573272705078,0.01841053180396557,0.0008297846070490777,0.0008230208186432719,0.13685046,0.13551776,0.03554587248816077,0.0025832640137672946,-9.504146873950958e-05,-6.763788405805826e-06,-0.0013327003
000034.npy,23.82159396981116,23.862985901686443,0.5840593932137327,0.582498336406938,0.04121226817369461,0.04108782857656479,0.00414801761507988,0.0041086720302701,0.34034315,0.33943462,0.041391931875281784,-0.0015610568067946362,-0.00012443959712982178,-3.934558480978012e-05,-0.0009085238
000064.npy,27.829809278609268,27.835707597963705,0.8732271755978008,0.8742834634961002,0.0258555319160223,0.02587253972887993,0.0016482349019497633,0.0016459976322948933,0.17411321,0.17330584,0.00589831935443641,0.0010562878982993684,1.700781285762787e-05,-2.2372696548700333e-06,-0.0008073747
000095.npy,34.34927433427564,34.39018005954544,0.8473583993706704,0.8489967911827564,0.013496569357812405,0.013427924364805222,0.0003673436585813761,0.00036389994784258306,0.10074459,0.09917761,0.04090572526980196,0.0016383918120860264,-6.864499300718307e-05,-3.4437107387930155e-06,-0.0015669838
000098.npy,28.51572056047302,28.52617322058141,0.7615219111676141,0.7608520996430517,0.028199078515172005,0.02817469649016857,0.0014074337668716908,0.0014040502719581127,0.19710673,0.19607878,0.0104526601083883,-0.0006698115245624692,-2.4382025003433228e-05,-3.3834949135780334e-06,-0.0010279566
000103.npy,31.461681479454192,31.55494188466493,0.7833013581261635,0.7867476756330579,0.019995521754026413,0.01979757472872734,0.0007142197573557496,0.000699046126101166,0.13012946,0.12772006,0.09326040521073864,0.003446317506894392,-0.00019794702529907227,-1.5173631254583597e-05,-0.0024093986
000122.npy,28.925551762974134,29.025629185933404,0.8656254648583347,0.8676147318289242,0.020311551168560982,0.020088426768779755,0.0012806924059987068,0.0012515177950263023,0.14557418,0.14309986,0.10007742295927002,0.0019892669705895427,-0.0002231243997812271,-2.917461097240448e-05,-0.002474323
000130.npy,23.428052182098153,23.43450977864689,0.7890394658391793,0.785080792494921,0.05145842954516411,0.05154280737042427,0.004541452508419752,0.004534704610705376,0.44835687,0.44826055,0.0064575965487385645,-0.003958673344258257,8.437782526016235e-05,-6.74789771437645e-06,-9.6321106e-05
000146.npy,29.41721168212963,29.443051497571503,0.5412480441493094,0.5423743076885342,0.02626155875623226,0.02620231732726097,0.0011436123168095946,0.00113682821393013,0.179951,0.17835122,0.025839815441873526,0.0011262635392248477,-5.924142897129059e-05,-6.784102879464626e-06,-0.0015997738
000160.npy,29.41950012767763,29.483737004378575,0.8687504628420473,0.8692483750549406,0.024618731811642647,0.024496547877788544,0.0011430098675191402,0.0011262280168011785,0.18250819,0.18116288,0.0642368767009458,0.0004979122128933033,-0.0001221839338541031,-1.6781850717961788e-05,-0.0013453066
000161.npy,29.56460855842254,29.607994239973326,0.8775007036539316,0.8787390788527131,0.023689739406108856,0.023555640131235123,0.0011054500937461853,0.001094461651518941,0.1779493,0.17736971,0.04338568155078448,0.0012383751987814495,-0.00013409927487373352,-1.0988442227244377e-05,-0.00057958066
000186.npy,30.650566973980684,30.715810894465335,0.8795769146406465,0.8804247571213544,0.019869575276970863,0.019766144454479218,0.0008608813514001667,0.0008480449905619025,0.14583667,0.14450164,0.06524392048465089,0.0008478424807079055,-0.00010343082249164581,-1.2836360838264227e-05,-0.0013350248
000189.npy,24.053838599963488,24.07360959473784,0.7374890462437012,0.7363582065021489,0.0407085195183754,0.040557049214839935,0.003932024352252483,0.003914164379239082,0.3432343,0.34177798,0.01977099477435118,-0.0011308397415522586,-0.00015147030353546143,-1.785997301340103e-05,-0.0014563203
000197.npy,27.590357377242746,27.561958227881796,0.759499524204366,0.7551727970023323,0.03257115185260773,0.03277476131916046,0.0017416635528206825,0.0017530896002426744,0.23470871,0.23431627,-0.02839914936095056,-0.004326727202033642,0.00020360946655273438,1.1426047421991825e-05,-0.00039243698
000200.npy,26.525473083746228,26.51438137839634,0.3716609530171575,0.3694396907373592,0.03659909963607788,0.03663545846939087,0.002225628588348627,0.0022313203662633896,0.27973363,0.2797943,-0.011091705349887349,-0.0022212622797982973,3.635883331298828e-05,5.691777914762497e-06,6.067753e-05
000201.npy,30.716499813741848,30.864837085421883,0.6850691039298028,0.6914769308392853,0.021255547180771828,0.020918484777212143,0.0008479106472805142,0.0008194383699446917,0.14229177,0.13871329,0.14833727168003463,0.006407826909482495,-0.00033706240355968475,-2.8472277335822582e-05,-0.003578484
000202.npy,31.387170795047883,31.54194163891912,0.7201793344260361,0.7264459256103327,0.01965096779167652,0.019313793629407883,0.0007265791646204889,0.0007011417765170336,0.12977332,0.12634313,0.15477084387123696,0.0062665911842966215,-0.0003371741622686386,-2.5437388103455305e-05,-0.0034301877
000206.npy,20.786844022960302,20.84404716957057,0.6826021407881661,0.681525195033083,0.06424277275800705,0.06385286897420883,0.008342872373759747,0.00823370460420847,0.5293948,0.5252336,0.057203146610266487,-0.001076945755083103,-0.0003899037837982178,-0.00010916776955127716,-0.004161179
000241.npy,32.463887508013954,32.559462397043745,0.9173819951278511,0.9207964866362587,0.016788404434919357,0.016840290278196335,0.0005670367972925305,0.000554694386664778,0.07041408,0.067680575,0.09557488902979117,0.0034144915084075578,5.188584327697754e-05,-1.2342410627752542e-05,-0.0027335063
000253.npy,28.677962236435008,28.7301539946643,0.8258144981528157,0.8263089210532156,0.02151782438158989,0.02142169326543808,0.0013558254577219486,0.0013396291760727763,0.13590321,0.13485095,0.05219175822929145,0.0004944229003999157,-9.613111615180969e-05,-1.6196281649172306e-05,-0.0010522604
000262.npy,27.096466150942817,27.14480054232766,0.8047452094491999,0.804725246683646,0.02578732557594776,0.025762544944882393,0.001951431855559349,0.001929833902977407,0.21670215,0.21523899,0.048334391384841524,-1.9962765553938056e-05,-2.4780631065368652e-05,-2.159795258194208e-05,-0.0014631599
000293.npy,25.793493394074197,25.79020805220308,0.33002076773119715,0.32785359843877704,0.04086127504706383,0.04088699072599411,0.002634211676195264,0.002636205404996872,0.31011954,0.3103444,-0.0032853418711162874,-0.0021671692924201125,2.5715678930282593e-05,1.9937288016080856e-06,0.00022485852
000317.npy,23.495000839600422,23.534443638955963,0.5596098834045424,0.5592267416968504,0.0444490946829319,0.04436570778489113,0.0044719805009663105,0.004431549459695816,0.33308476,0.3301471,0.03944279935554107,-0.00038314170769204736,-8.338689804077148e-05,-4.043104127049446e-05,-0.0029376745
000330.npy,28.059579059262045,28.036833954100672,0.8055370187671185,0.8009117975943089,0.0267527773976326,0.02688656747341156,0.0015632992144674063,0.001571508008055389,0.23740909,0.23815098,-0.022745105161373402,-0.004625221172809613,0.00013379007577896118,8.208793587982655e-06,0.000741899
000337.npy,34.662386009233444,34.83862729906216,0.9046570224101543,0.9105030098939836,0.012681722640991211,0.012389819137752056,0.00034179160138592124,0.00032819900661706924,0.088312924,0.08414692,0.17624128982871667,0.005845987483829251,-0.0002919035032391548,-1.3592594768851995e-05,-0.004166007
000378.npy,21.210633864317927,21.22489041247136,0.6975542683928094,0.6956268352704551,0.058410510420799255,0.05827636271715164,0.007567224092781544,0.007542423903942108,0.47180536,0.4711489,0.014256548153433357,-0.0019274331223543273,-0.00013414770364761353,-2.4800188839435577e-05,-0.00065645576
000379.npy,21.135555936447478,21.16313796536536,0.7133256593381837,0.7129528870880101,0.05754813924431801,0.05728651210665703,0.007699179463088512,0.0076504359021782875,0.45749596,0.45551658,0.02758202891788386,-0.00037277225017362525,-0.0002616271376609802,-4.8743560910224915e-05,-0.0019793808
000391.npy,33.829398610172284,33.81641960322948,0.8823851111125947,0.8818224960378408,0.01265040971338749,0.01265425980091095,0.00041405699448660016,0.00041529626469127834,0.09701978,0.09621559,-0.012979006942806848,-0.0005626150747538583,3.850087523460388e-06,1.2392702046781778e-06,-0.00080418587
000392.npy,29.645971657740144,29.682028356034202,0.8357360384828746,0.8393734862478971,0.020728744566440582,0.020540058612823486,0.0010849328245967627,0.0010759626748040318,0.16476046,0.16168435,0.036056698294057554,0.0036374477650225057,-0.00018868595361709595,-8.970149792730808e-06,-0.0030761063
000397.npy,25.08670720554545,25.118077249972124,0.32931965106842004,0.32863323316976545,0.0441579595208168,0.04408073425292969,0.003099768655374646,0.003077459055930376,0.29388112,0.29290685,0.031370044426672905,-0.0006864178986545899,-7.722526788711548e-05,-2.2309599444270134e-05,-0.0009742677
000400.npy,30.757690537562837,30.88514098740636,0.8902852067350149,0.8976262571263314,0.019026855006814003,0.018648598343133926,0.0008399065118283033,0.0008156163385137916,0.11047888,0.10492006,0.12745044984352205,0.007341050391316495,-0.0003782566636800766,-2.4290173314511776e-05,-0.0055588186
000403.npy,28.15015709014789,28.302538086034275,0.7384568093237696,0.7474431021619404,0.026744065806269646,0.02628619596362114,0.0015310320304706693,0.0014782443176954985,0.1596204,0.15446855,0.15238099588638576,0.008986292838170873,-0.00045786984264850616,-5.27877127751708e-05,-0.005151853
000418.npy,27.928510498482915,28.00763126592536,0.4738247715954572,0.47354960195438006,0.031207703053951263,0.030934210866689682,0.001611198065802455,0.0015821106499060988,0.24209455,0.23973684,0.079120767442447,-0.00027516964107715536,-0.0002734921872615814,-2.9087415896356106e-05,-0.0023577064
000452.npy,31.80679301668132,31.84538339778481,0.8881907478738725,0.896516123920381,0.016461264342069626,0.016228849068284035,0.0006596608436666429,0.0006538252346217632,0.11093957,0.10628007,0.03859038110349289,0.008325376046508515,-0.00023241527378559113,-5.835609044879675e-06,-0.0046594962
000455.npy,23.917929189068037,23.887375171807413,0.40830283133443773,0.4032149944320289,0.04754439741373062,0.04774854704737663,0.004057019017636776,0.004085662309080362,0.39356372,0.39386982,-0.030554017260623567,-0.005087836902408827,0.00020414963364601135,2.864329144358635e-05,0.00030609965
000459.npy,23.555755791025806,23.565529214099993,0.6436048123500664,0.6390227122879093,0.04146511107683182,0.04149404913187027,0.004409856162965298,0.0043999431654810905,0.3380136,0.33786488,0.009773423074186383,-0.004582100062157091,2.893805503845215e-05,-9.912997484207153e-06,-0.00014871359
000466.npy,26.606109968607377,26.617340807324897,0.3429788950484954,0.34210100712873975,0.0369296632707119,0.03688984736800194,0.0021846857853233814,0.0021790433675050735,0.22367005,0.22294386,0.011230838717519731,-0.0008778879197556266,-3.981590270996094e-05,-5.642417818307877e-06,-0.0007261932
000474.npy,29.48444260298004,29.611278936842513,0.8223572122331704,0.8315514528350015,0.02203751914203167,0.021563367918133736,0.0011260448954999447,0.001093634287826717,0.13563056,0.13154681,0.1268363338624745,0.00919424060183116,-0.00047415122389793396,-3.241060767322779e-05,-0.0040837526
000488.npy,26.64714400433185,26.67743768145109,0.7856276076582298,0.7862727388975248,0.028556115925312042,0.02851155772805214,0.0021641412749886513,0.0021490980871021748,0.24462992,0.24375156,0.03029367711923925,0.0006451312392949937,-4.4558197259902954e-05,-1.5043187886476517e-05,-0.00087836385
000492.npy,23.902436879522075,23.919079971787248,0.7716638505177871,0.7713886173870154,0.03823956102132797,0.03815549612045288,0.004071517381817102,0.00405594427138567,0.32505134,0.3241148,0.016643092265173465,-0.00027523313077171263,-8.406490087509155e-05,-1.5573110431432724e-05,-0.000936538
000502.npy,25.858390213794898,25.870690899862247,0.6393314570136442,0.6379852161338831,0.038307685405015945,0.038233980536460876,0.0025951412972062826,0.0025878013111650944,0.29770672,0.29570383,0.012300686067348465,-0.0013462408797610959,-7.370486855506897e-05,-7.33998604118824e-06,-0.0020028949
000540.npy,26.117893248397102,26.074065025050803,0.5897941701086433,0.5844088519987549,0.03807208314538002,0.03845042735338211,0.0024446160532534122,0.0024694115854799747,0.2403889,0.24055065,-0.04382822334629921,-0.005385318109888404,0.00037834420800209045,2.47955322265625e-05,0.0001617521
000562.npy,22.065959952684572,22.13357083806409,0.5157935505177365,0.5177828531167183,0.055654510855674744,0.05522705242037773,0.006214468739926815,0.00611847173422575,0.44135642,0.43711156,0.0676108853795192,0.00198930259898189,-0.00042745843529701233,-9.599700570106506e-05,-0.004244864
000563.npy,22.47276086021671,22.536633643186303,0.5299282440491982,0.5321370114860124,0.052302565425634384,0.05194103717803955,0.005658794194459915,0.005576178431510925,0.41347182,0.4109789,0.06387278296959309,0.0022087674368141963,-0.0003615282475948334,-8.261576294898987e-05,-0.0024929047
000586.npy,26.389153844149995,26.398304017750718,0.4177018727579862,0.41751712545151637,0.0377124585211277,0.03767925500869751,0.0022965960670262575,0.002291762502864003,0.2885392,0.28786486,0.009150173600723122,-0.00018474730646983462,-3.320351243019104e-05,-4.8335641622543335e-06,-0.00067433715
000600.npy,29.43882926501591,29.42673742434581,0.8503290423474945,0.8500057708678246,0.02140558511018753,0.021528806537389755,0.001137934043072164,0.0011411067098379135,0.14560133,0.14391886,-0.012091840670102272,-0.00032327147966992875,0.00012322142720222473,3.1726667657494545e-06,-0.0016824752
000608.npy,24.650499700870533,24.662842932205486,0.7754008145850152,0.7749579071985166,0.03603365644812584,0.03609107434749603,0.0034272836055606604,0.0034175566397607327,0.29733264,0.29556707,0.01234323133495252,-0.00044290738649854777,5.741789937019348e-05,-9.726965799927711e-06,-0.001765579
000623.npy,22.56484249933496,22.58183796094817,0.5755250482030959,0.5706095454050885,0.0548073910176754,0.054740577936172485,0.005540076643228531,0.005518438760191202,0.4478962,0.44683686,0.016995461613209528,-0.004915502798007454,-6.681308150291443e-05,-2.163788303732872e-05,-0.0010593534
000627.npy,10.502453498304426,10.571427215551028,0.24849154332207313,0.24411506904700636,0.24105408787727356,0.23999769985675812,0.0890747606754303,0.08767126500606537,1.6268474,1.6067615,0.0689737172466014,-0.004376474275066766,-0.001056388020515442,-0.0014034956693649292,-0.02008593
000640.npy,25.710523350376747,25.70113746562415,0.6723386923833308,0.6709781600549396,0.03665129840373993,0.03671983256936073,0.0026850206777453423,0.00269083003513515,0.28817365,0.28588948,-0.009385884752596496,-0.001360532328391173,6.853416562080383e-05,5.809357389807701e-06,-0.0022841692
000641.npy,20.463947340406282,20.47204256169918,0.26239222864130696,0.2597797689221519,0.0749807357788086,0.07494354993104935,0.008986803703010082,0.008970067836344242,0.6353653,0.63508123,0.008095221292897747,-0.0026124597191550802,-3.7185847759246826e-05,-1.673586666584015e-05,-0.00028407574
000646.npy,24.883855478291025,24.876736243608665,0.6020242874994101,0.5991843228719095,0.0427703931927681,0.042810697108507156,0.003247988410294056,0.0032533169724047184,0.337507,0.33724314,-0.007119234682360087,-0.0028399646275005797,4.030391573905945e-05,5.32856211066246e-06,-0.00026386976
000648.npy,23.698433652432765,23.695575645711497,0.7470714007506855,0.7441431592224166,0.049179140478372574,0.049242619425058365,0.004267334006726742,0.004270143341273069,0.42353022,0.4233033,-0.00285800672126868,-0.002928241528268871,6.347894668579102e-05,2.809334546327591e-06,-0.00022691488
000659.npy,22.050211826282595,22.1148508181897,0.739725529288464,0.743323520329942,0.05385633930563927,0.05327164754271507,0.006237043999135494,0.006144901737570763,0.41848022,0.4120361,0.0646389919071062,0.003597991041477955,-0.0005846917629241943,-9.21422615647316e-05,-0.0064441264
000663.npy,29.902637661577366,30.066725433469298,0.6654666931193639,0.6713908488660502,0.024092337116599083,0.02373591437935829,0.0010226716985926032,0.0009847533656284213,0.16767764,0.16420059,0.16408777189193202,0.005924155746686255,-0.0003564227372407913,-3.79183329641819e-05,-0.0034770519
000683.npy,27.47462237445231,27.481802745050977,0.8607381415429562,0.8625279911484626,0.025585629045963287,0.025582004338502884,0.0017887011636048555,0.0017857460770756006,0.19365537,0.1919263,0.007180370598668162,0.0017898496055063218,-3.6247074604034424e-06,-2.9550865292549133e-06,-0.0017290711
000698.npy,29.088664017716148,29.193677159551935,0.7831559674092531,0.7871879161988496,0.023480236530303955,0.023157820105552673,0.0012334841303527355,0.0012040160363540053,0.15368962,0.15138859,0.10501314183578714,0.004031948789596562,-0.00032241642475128174,-2.9468093998730183e-05,-0.0023010373
000702.npy,26.861046416487774,26.859903447379008,0.4917297841888666,0.4840936390374303,0.0347391739487648,0.034765467047691345,0.002060133498162031,0.002060675760731101,0.2660931,0.2667611,-0.001142969108766323,-0.007636145151436291,2.629309892654419e-05,5.422625690698624e-07,0.00066798925
000709.npy,34.748781929967116,34.69952563069289,0.9239228556592465,0.9225014357616454,0.010461965575814247,0.010497894138097763,0.0003350594197399914,0.00033888116013258696,0.07480884,0.07422597,-0.04925629927422648,-0.0014214198976010284,3.592856228351593e-05,3.8217403925955296e-06,-0.0005828738
000747.npy,32.798798572927325,32.82471967961907,0.7180562179939747,0.7191215262634754,0.017658531665802002,0.01760890893638134,0.0005249526584520936,0.0005218287697061896,0.109009564,0.10785205,0.025921106691747298,0.0010653082695006866,-4.9622729420661926e-05,-3.123888745903969e-06,-0.0011575148
000763.npy,23.1784183124768,23.201733738639586,0.28997983317201026,0.2883907976394801,0.05490715801715851,0.05477965250611305,0.004810145124793053,0.004784390330314636,0.39739484,0.39611784,0.023315426162785258,-0.0015890355325301475,-0.00012750551104545593,-2.5754794478416443e-05,-0.0012769997
000766.npy,27.798637930029997,27.8379379118471,0.793237661119691,0.7940047630454748,0.022354213520884514,0.0222244281321764,0.0016601074021309614,0.0016451526898890734,0.1814733,0.17943083,0.039299981817102037,0.0007671019257838863,-0.00012978538870811462,-1.4954712241888046e-05,-0.0020424724
000769.npy,30.530417208424552,30.556325242774747,0.7705553914362173,0.770810465578286,0.020345211029052734,0.020231856033205986,0.000885030603967607,0.0008797665941528976,0.15169555,0.15083286,0.025908034350194953,0.00025507414206871193,-0.00011335499584674835,-5.264009814709425e-06,-0.0008626878
000775.npy,30.427431962492154,30.553192345835285,0.8059170016037859,0.8115787857297957,0.020228976383805275,0.019901050254702568,0.0009062683093361557,0.0008804014651104808,0.1425411,0.13865685,0.1257603833431311,0.005661784126009817,-0.0003279261291027069,-2.5866844225674868e-05,-0.003884241
000779.npy,21.201105353764092,21.21102747301158,0.3534770607447082,0.3558794079968896,0.06700161099433899,0.06691677123308182,0.007583844941109419,0.007566538639366627,0.5209043,0.5197329,0.00992211924748787,0.0024023472521814138,-8.483976125717163e-05,-1.730630174279213e-05,-0.0011714101
000791.npy,34.8942301871605,34.92231656309594,0.9162821861672401,0.915864303747952,0.011229465715587139,0.011259541846811771,0.0003240238584112376,0.0003219351056031883,0.07010625,0.06918061,0.028086375935437502,-0.0004178824192880848,3.0076131224632263e-05,-2.088752808049321e-06,-0.00092564523
000795.npy,27.20051401772259,27.215172013681702,0.687059632323727,0.6852231566197872,0.033132173120975494,0.03307371959090233,0.0019052352290600538,0.0018988156225532293,0.28010747,0.2795517,0.014657995959112213,-0.001836475703939855,-5.8453530073165894e-05,-6.419606506824493e-06,-0.0005557537
000804.npy,20.796047912773933,20.84679131661252,0.6279131159641859,0.6255488656227803,0.0669451355934143,0.06665490567684174,0.008325210772454739,0.008228504098951817,0.5550852,0.5515245,0.05074340383858811,-0.002364250341405527,-0.0002902299165725708,-9.670667350292206e-05,-0.0035606623
000815.npy,23.115249132027415,23.134839762501453,0.6879750214055711,0.6842043497485221,0.048444412648677826,0.04846840351819992,0.00488062109798193,0.004858654458075762,0.4071557,0.40623772,0.019590630474038306,-0.0037706716570490295,2.3990869522094727e-05,-2.1966639906167984e-05,-0.00091797113
000835.npy,23.96914957261769,23.994641197895227,0.7832247393344138,0.784113953893777,0.03788897395133972,0.03776862844824791,0.004009452182799578,0.003985987044870853,0.31080186,0.3092454,0.025491625277535235,0.0008892145593631939,-0.00012034550309181213,-2.346513792872429e-05,-0.0015564561
000854.npy,22.20143057437197,22.22827237441864,0.5984402126828041,0.5957726337090805,0.0575193352997303,0.057373687624931335,0.00602361187338829,0.005986497271806002,0.46332026,0.46155477,0.026841800046671693,-0.0026675789737236055,-0.00014564767479896545,-3.711460158228874e-05,-0.0017654896
000860.npy,28.91053171563032,28.933771068792634,0.8674522970086895,0.8670907007752005,0.022009482607245445,0.021991871297359467,0.0012851293431594968,0.0012782708508893847,0.17228764,0.17143315,0.023239353162313847,-0.000361596233489081,-1.76113098859787e-05,-6.858492270112038e-06,-0.0008544922
000863.npy,25.467060903015167,25.48634416426294,0.6804936572593702,0.67965826441136,0.040417447686195374,0.040414173156023026,0.0028398402500897646,0.0028272587805986404,0.2878383,0.28617036,0.019283261247771577,-0.0008353928480101525,-3.2745301723480225e-06,-1.2581469491124153e-05,-0.0016679466
000870.npy,24.297411614726023,24.305692156092192,0.2924427010029145,0.2905234159922267,0.048489850014448166,0.04845820739865303,0.003717567306011915,0.0037104857619851828,0.3529557,0.35239536,0.008280541366168848,-0.0019192850106877768,-3.16426157951355e-05,-7.081544026732445e-06,-0.00056034327
000877.npy,34.02351374259161,34.219432235711736,0.8331509075493813,0.843959962888956,0.014436205849051476,0.014005281031131744,0.0003959575551562011,0.0003784920845646411,0.09933005,0.093987234,0.195918493120125,0.010809055339574769,-0.00043092481791973114,-1.7465470591560006e-05,-0.005342819
000878.npy,35.64373510069361,35.77322891989681,0.8710798323915004,0.877207076798521,0.012183037586510181,0.011922680772840977,0.0002726631937548518,0.0002646532084327191,0.0834611,0.08019867,0.1294938192031978,0.0061272444070205045,-0.0002603568136692047,-8.009985322132707e-06,-0.0032624304
000880.npy,28.419258713355816,28.422115524169918,0.5157260240335277,0.5132313305375725,0.02978070080280304,0.029792383313179016,0.001439044252038002,0.001438097795471549,0.22998312,0.22969186,0.002856810814101607,-0.0024946934959552136,1.1682510375976562e-05,-9.4645656645298e-07,-0.0002912581
000955.npy,30.66310898613448,30.698065110629457,0.6532829160710368,0.6556633140282948,0.02225242555141449,0.022202666848897934,0.0008583988528698683,0.0008515173685736954,0.15421219,0.15195836,0.03495612449497898,0.0023803979572579737,-4.9758702516555786e-05,-6.881484296172857e-06,-0.0022538304
000956.npy,23.201548141812772,23.21363234535199,0.7284144107435053,0.7262428364635818,0.045559849590063095,0.04543210193514824,0.004784595221281052,0.004771300591528416,0.38206804,0.3794663,0.012084203539217242,-0.0021715742799235382,-0.00012774765491485596,-1.3294629752635956e-05,-0.0026017427
000960.npy,35.75460285964139,35.89567438595193,0.8927552252769471,0.8990451199507713,0.011587650515139103,0.011391513049602509,0.00026579067343845963,0.0002572957018855959,0.07487609,0.0714376,0.1410715263105402,0.006289894673824237,-0.0001961374655365944,-8.494971552863717e-06,-0.003438495
000972.npy,30.42147900009536,30.419328907466262,0.8828540637128763,0.8888021238303744,0.018429484218358994,0.018251551315188408,0.0009075113921426237,0.0009079608717001975,0.120333046,0.11660078,-0.0021500926290975997,0.005948060117498044,-0.00017793290317058563,4.494795575737953e-07,-0.003732264
000975.npy,29.54185104961673,29.556112157758715,0.7970259463505149,0.7963945934096265,0.022441836073994637,0.022392746061086655,0.0011112579377368093,0.001107614953070879,0.18077019,0.17992672,0.01426110814198367,-0.0006313529408884522,-4.909001290798187e-05,-3.642984665930271e-06,-0.0008434653
000995.npy,31.583873667654473,31.598377448965785,0.6652337717823982,0.6648177125071287,0.020478341728448868,0.02046968601644039,0.000694404705427587,0.000692089437507093,0.14007059,0.1394058,0.014503781311312025,-0.00041605927526944253,-8.655712008476257e-06,-2.3152679204940796e-06,-0.0006647855
001016.npy,26.518843097703275,26.535582700329723,0.7703337294013537,0.770803594735933,0.030539564788341522,0.030516646802425385,0.002229028847068548,0.00222045392729342,0.24434677,0.24240685,0.01673960262644769,0.00046986533457926694,-2.2917985916137695e-05,-8.574919775128365e-06,-0.0019399226
001020.npy,24.484536574652704,24.505990028429878,0.735562532969438,0.7333038976127142,0.03969201073050499,0.03959924727678299,0.0035607898607850075,0.003543243510648608,0.34116924,0.33986086,0.021453453777173337,-0.0022586353567237705,-9.276345372200012e-05,-1.754635013639927e-05,-0.0013083816
001021.npy,25.038327182697326,25.080191990802238,0.6872659078884013,0.6895320404735272,0.03955266997218132,0.03943231701850891,0.0031344927847385406,0.003104422241449356,0.34090915,0.33951312,0.04186480810491133,0.0022661325851259795,-0.00012035295367240906,-3.007054328918457e-05,-0.0013960302
001028.npy,27.118056395421842,27.082009717258543,0.8516361841619611,0.8511051267337445,0.026672448962926865,0.02676187828183174,0.0019417547155171633,0.0019579383078962564,0.19024104,0.18898067,-0.03604667816329865,-0.0005310574282165748,8.942931890487671e-05,1.618359237909317e-05,-0.00126037
001038.npy,24.503172202811683,24.513379356456227,0.6048104434672966,0.6015909097158415,0.04154025390744209,0.04160267859697342,0.003545542946085334,0.003537219949066639,0.33305085,0.33224759,0.01020715364454361,-0.003219533751455117,6.24246895313263e-05,-8.322997018694878e-06,-0.000803262
001051.npy,29.874915036437947,29.917804447209704,0.7474303715530113,0.749687081301868,0.022710740566253662,0.022555073723196983,0.0010292206425219774,0.0010191064793616533,0.16117826,0.1600511,0.042889410771756786,0.0022567097488567223,-0.00015566684305667877,-1.0114163160324097e-05,-0.0011271536
001059.npy,22.383998411937288,22.372710489786826,0.6132312826613243,0.6063270545410094,0.05898997560143471,0.05914665758609772,0.005775640718638897,0.005790672264993191,0.49829566,0.4992025,-0.011287922150462038,-0.006904228120314881,0.00015668198466300964,1.5031546354293823e-05,0.00090682507
001076.npy,23.2498840198146,23.24130523167199,0.6055312170960764,0.6016301310042115,0.05343668907880783,0.053478311747312546,0.004731638822704554,0.004740994889289141,0.44871756,0.4486885,-0.008578788142610705,-0.0039010860918649026,4.1622668504714966e-05,9.356066584587097e-06,-2.9057264e-05
001082.npy,36.204030547059766,36.32558532502673,0.890095391617775,0.8934202725977898,0.011761367321014404,0.01159400399774313,0.00023966075968928635,0.00023304591013584286,0.06853131,0.06643317,0.12155477796696346,0.0033248809800148216,-0.00016736332327127457,-6.6148495534434915e-06,-0.002098143
001095.npy,37.16439964538285,37.364936411818455,0.9404547240781784,0.9441468516578674,0.009751766920089722,0.009500710293650627,0.0001921144430525601,0.00018344519776292145,0.06378174,0.0604823,0.20053676643560436,0.003692127579688953,-0.00025105662643909454,-8.669245289638638e-06,-0.0032994375
001129.npy,30.65145175009999,30.630014382626413,0.8327367528698169,0.8351559700246155,0.01981765776872635,0.019788645207881927,0.0008607059717178345,0.0008649650262668729,0.13625067,0.1342743,-0.021437367473577496,0.0024192171547986474,-2.9012560844421387e-05,4.25905454903841e-06,-0.0019763708
001130.npy,32.05437965680168,32.07988189791125,0.867130790331468,0.8693369185226559,0.016699230298399925,0.016619078814983368,0.0006231061415746808,0.0006194579182192683,0.11413574,0.112363055,0.02550224110957089,0.0022061281911879282,-8.015148341655731e-05,-3.6482233554124832e-06,-0.0017726868
001136.npy,26.26115049115117,26.303419724834235,0.8631249628682136,0.8626698467309177,0.03136046975851059,0.03129231929779053,0.0023652929812669754,0.0023423838429152966,0.27258587,0.27181748,0.04226923368306501,-0.0004551161372958745,-6.815046072006226e-05,-2.2909138351678848e-05,-0.0007683933
001147.npy,25.072762504227676,25.124853137710936,0.790085124773347,0.7922311274334602,0.035686276853084564,0.03545272722840309,0.003109737765043974,0.0030726613476872444,0.27945104,0.27693087,0.05209063348326026,0.002146002660113222,-0.00023354962468147278,-3.707641735672951e-05,-0.0025201738
001152.npy,21.192370178730698,21.206862182016792,0.678970608297708,0.6787773348381414,0.061999496072530746,0.06182904168963432,0.007599114440381527,0.007573799230158329,0.5114943,0.50944114,0.01449200328609379,-0.0001932734595665453,-0.00017045438289642334,-2.5315210223197937e-05,-0.0020531416
001153.npy,25.447951706644485,25.443188415511898,0.675496233776704,0.6731594558494836,0.03790038079023361,0.037952177226543427,0.0028523632790893316,0.0028554934542626143,0.31836677,0.31784546,-0.004763291132587,-0.0023367779272204237,5.179643630981445e-05,3.1301751732826233e-06,-0.0005213022
001154.npy,25.269833489881854,25.260662431968818,0.6159404137770739,0.6145030105505157,0.039005931466817856,0.03912121430039406,0.0029717800207436085,0.002978062257170677,0.32403374,0.32341763,-0.009171057913036407,-0.0014374032265581649,0.00011528283357620239,6.28223642706871e-06,-0.0006161034
001158.npy,27.868222037094665,27.925072200535432,0.5257590688955486,0.5225664296530486,0.031742144376039505,0.03155768662691116,0.0016337207052856684,0.0016124742105603218,0.23071514,0.22885613,0.05685016344076743,-0.003192639242500017,-0.00018445774912834167,-2.1246494725346565e-05,-0.0018590093
001162.npy,31.12544308275683,31.183388492646955,0.7547190397795904,0.7562710117284768,0.021190600469708443,0.021076377481222153,0.0007717127446085215,0.0007614846108481288,0.13669227,0.13543724,0.057945409890123756,0.0015519719488863437,-0.00011422298848628998,-1.0228133760392666e-05,-0.0012550354
001180.npy,23.716631310245827,23.727361920364046,0.7860002506467104,0.784075733833477,0.044161923229694366,0.044101282954216,0.0042494903318583965,0.004239003639668226,0.38402492,0.38298526,0.01073061011821963,-0.0019245168132334678,-6.064027547836304e-05,-1.0486692190170288e-05,-0.001039654
001183.npy,24.88575109988108,24.892490133304296,0.6428317935700231,0.6393165887243009,0.041915565729141235,0.041841521859169006,0.003246570937335491,0.0032415371388196945,0.35665458,0.35578966,0.006739033423215801,-0.0035152048457222085,-7.4043869972229e-05,-5.033798515796661e-06,-0.000864923
001184.npy,24.19601784377051,24.140507595151803,0.6382609443567927,0.6311380251953917,0.046760443598032,0.04705115407705307,0.003805381478741765,0.003854332957416773,0.39420485,0.3960815,-0.055510248618706015,-0.0071229191614009535,0.0002907104790210724,4.895147867500782e-05,0.0018766522
001215.npy,20.57046257536402,20.55576633976542,0.7204361209690464,0.7175238244085205,0.0599527545273304,0.06013445556163788,0.008769074454903603,0.008798797614872456,0.48411876,0.48352402,-0.014696235598599117,-0.00291229656052594,0.00018170103430747986,2.9723159968852997e-05,-0.00059473515
001218.npy,26.90234029902244,26.942026613944286,0.7747784454886731,0.7748738413616734,0.027187295258045197,0.027127712965011597,0.0020406381227076054,0.002022075466811657,0.22808757,0.22713982,0.03968631492184471,9.539587300022578e-05,-5.9582293033599854e-05,-1.856265589594841e-05,-0.00094775856
001238.npy,30.25058865350896,30.252243683321197,0.8520075461010933,0.8522351674330234,0.02082967385649681,0.02082950994372368,0.0009439329151064157,0.0009435733081772923,0.17075416,0.17038192,0.0016550298122375295,0.0002276213319301057,-1.6391277313232422e-07,-3.5960692912340164e-07,-0.0003722459
001257.npy,31.99191913516447,31.873338169366026,0.8378465640527271,0.8347361084348485,0.0161204282194376,0.01656555011868477,0.0006321324617601931,0.0006496301502920687,0.0958033,0.09522697,-0.11858096579844357,-0.0031104556178785936,0.0004451218992471695,1.749768853187561e-05,-0.00057632476
001267.npy,31.454074457805326,31.681246930185736,0.8424509066907764,0.848816827359289,0.0150928208604455,0.014605710282921791,0.0007154719205573201,0.0006790086627006531,0.10979286,0.10656267,0.22717247238040983,0.0063659206685126035,-0.00048711057752370834,-3.646325785666704e-05,-0.0032301918
001275.npy,27.93979387454286,27.978456182158148,0.8082073066318985,0.8056605272272322,0.028628624975681305,0.028577370569109917,0.0016070175915956497,0.0015927748754620552,0.23167057,0.23035294,0.03866230761528655,-0.0025467794046662995,-5.1254406571388245e-05,-1.4242716133594513e-05,-0.0013176352
001282.npy,21.68249229344116,21.739814308349402,0.46620590449764415,0.46515527523412953,0.062292419373989105,0.062049105763435364,0.00678813923150301,0.0066991327330470085,0.48790514,0.48411858,0.05732201490824096,-0.0010506292635146242,-0.00024331361055374146,-8.900649845600128e-05,-0.0037865639
001291.npy,22.83267726751902,22.886881154457093,0.7059517709343434,0.7070392149984837,0.04860446974635124,0.04862131550908089,0.005208735354244709,0.005144129507243633,0.44616246,0.44465995,0.05420388693807254,0.0010874440641402972,1.6845762729644775e-05,-6.460584700107574e-05,-0.0015025139
001294.npy,29.544515689823015,29.593352928064334,0.7672765733881202,0.7670327360358397,0.018039539456367493,0.017883839085698128,0.0011105764424428344,0.0010981577215716243,0.14781398,0.14622273,0.048837238241318914,-0.00024383735228050707,-0.00015570037066936493,-1.2418720871210098e-05,-0.0015912503
001297.npy,29.847393175190938,29.932452269889023,0.7866745698393155,0.7891659919715039,0.0238861832767725,0.023636389523744583,0.0010357636492699385,0.0010156750213354826,0.14450943,0.14219628,0.08505909469808515,0.0024914221321884478,-0.00024979375302791595,-2.008862793445587e-05,-0.002313152
001300.npy,31.44705804827488,31.414000263935257,0.8303045251124799,0.8286194193633273,0.017693309113383293,0.01794019713997841,0.0007166286231949925,0.0007221043342724442,0.1153266,0.114283554,-0.03305778433962203,-0.0016851057491525934,0.00024688802659511566,5.475711077451706e-06,-0.001043044
001306.npy,21.719195471424474,21.68836545312928,0.40706475957754473,0.39980731454156454,0.06240406259894371,0.06260285526514053,0.006731013301759958,0.006778966169804335,0.51922506,0.52024424,-0.030830018295194606,-0.007257445035980192,0.00019879266619682312,4.795286804437637e-05,0.0010191798
001327.npy,23.5320182649355,23.566891361569304,0.758038276280513,0.7599701123410312,0.04097180441021919,0.04084647074341774,0.004434025380760431,0.004398563411086798,0.3413,0.33949992,0.034873096633806,0.0019318360605181661,-0.00012533366680145264,-3.5461969673633575e-05,-0.0018000901
001354.npy,29.479363134856964,29.560576243307356,0.6861044210339412,0.6881809493687693,0.02589082531630993,0.02567003294825554,0.0011273627169430256,0.0011064769933000207,0.18986,0.18793494,0.08121310845039176,0.002076528334828076,-0.00022079236805438995,-2.0885723643004894e-05,-0.0019250661
001363.npy,23.779511914724637,23.78632755509544,0.28069421954689733,0.27818264483268185,0.05120015889406204,0.05120021104812622,0.004188406281173229,0.004181838594377041,0.3970575,0.39677843,0.006815640370803067,-0.002511574714215481,5.21540641784668e-08,-6.5676867961883545e-06,-0.00027906895
001367.npy,24.143722100504586,24.174674556944332,0.7981355600744896,0.7954793009461472,0.03294229134917259,0.03313460573554039,0.0038514812476933002,0.0038241290021687746,0.25484163,0.2539514,0.030952456439745646,-0.002656259128342442,0.00019231438636779785,-2.7352245524525642e-05,-0.0008902252
001369.npy,22.60833082158924,22.627908792957125,0.6549399611904136,0.6498085454451721,0.057065196335315704,0.05695761740207672,0.0054848771542310715,0.005460207350552082,0.48207965,0.48030233,0.019577971367883862,-0.005131415745241563,-0.00010757893323898315,-2.466980367898941e-05,-0.0017773211
001390.npy,32.162619023583915,32.15149406867148,0.7169107090243325,0.7160848783591837,0.019269023090600967,0.019305966794490814,0.0006077683647163212,0.0006093272240832448,0.1478361,0.14744154,-0.011124954912432372,-0.0008258306651488523,3.69437038898468e-05,1.5588593669235706e-06,-0.00039456785
001400.npy,29.7531528928514,29.728802329909925,0.8343600435178522,0.832028365663886,0.021883873268961906,0.021944833919405937,0.0010584850097075105,0.0010644366266205907,0.1805743,0.18004276,-0.024350562941474863,-0.002331677853966152,6.096065044403076e-05,5.9516169130802155e-06,-0.0005315393
001408.npy,31.975740429343563,32.037382519434075,0.937394879024945,0.9370342541244608,0.010256705805659294,0.010225340723991394,0.0006344916764646769,0.0006255495827645063,0.07350792,0.07254091,0.061642090090511914,-0.0003606249004841633,-3.1365081667900085e-05,-8.942093700170517e-06,-0.00096701086
001415.npy,20.849786335392828,20.86016566041454,0.6989022739148056,0.698514795029914,0.06503769010305405,0.06497512757778168,0.008222831413149834,0.008203201927244663,0.54410994,0.54260737,0.010379325021713015,-0.0003874788848916566,-6.256252527236938e-05,-1.962948590517044e-05,-0.0015025735
001434.npy,34.1343801174495,34.199135975672434,0.9308409382475317,0.9311124202628732,0.014602448791265488,0.0145497415214777,0.00038597750244662166,0.0003802650608122349,0.058277547,0.05767963,0.06475585822293084,0.0002714820153415509,-5.270726978778839e-05,-5.712441634386778e-06,-0.00059791654
001438.npy,28.612046602794955,28.67522512789585,0.7446267652689809,0.7468101062142458,0.02468392439186573,0.02443896234035492,0.0013765606563538313,0.001356680179014802,0.18864396,0.18666224,0.06317852510089494,0.0021833409452649555,-0.00024496205151081085,-1.9880477339029312e-05,-0.0019817203
001439.npy,28.883329061521113,28.888303306765888,0.7597143752388321,0.7577885182878524,0.023169683292508125,0.02310745045542717,0.0012932041427120566,0.0012917238054797053,0.18169238,0.18138069,0.004974245244774522,-0.0019258569509796875,-6.22328370809555e-05,-1.480337232351303e-06,-0.0003116876
001443.npy,26.48894239992724,26.581274856212133,0.7438610282927715,0.7458544359916802,0.03527408838272095,0.03490401804447174,0.002244428498670459,0.0021972148679196835,0.28405088,0.28049165,0.09233245628489328,0.001993407698908767,-0.00037007033824920654,-4.721363075077534e-05,-0.0035592318
001445.npy,30.328375379897707,30.345288528872235,0.9265212158265114,0.9227563524882794,0.014818825758993626,0.014931851997971535,0.0009271766757592559,0.0009235728648491204,0.11939922,0.117998764,0.01691314897452756,-0.003764863338232005,0.00011302623897790909,-3.6038109101355076e-06,-0.0014004558
001478.npy,28.37208061250187,28.41717489364565,0.8287323187735528,0.8301504223674573,0.02464105188846588,0.024558819830417633,0.0014547619502991438,0.0014397348277270794,0.1996931,0.19801137,0.045094281143782666,0.001418103593904485,-8.223205804824829e-05,-1.50271225720644e-05,-0.0016817302
001479.npy,29.14894702351794,29.172300346653557,0.8405503811029196,0.8407510602294207,0.022587697952985764,0.022543633356690407,0.001216480857692659,0.0012099570594727993,0.1824768,0.18133304,0.023353323135616222,0.0002006791265011243,-4.406459629535675e-05,-6.5237982198596e-06,-0.0011437684
001482.npy,28.001880705076413,27.891723465020192,0.7792973108421639,0.7756889147348665,0.02984734997153282,0.030168958008289337,0.0015842070570215583,0.0016249038744717836,0.1779141,0.1783451,-0.11015724005622118,-0.0036083961072974624,0.0003216080367565155,4.069681745022535e-05,0.0004310012
001484.npy,30.375316966644906,30.46461338011149,0.8665279416319672,0.8722582795873769,0.020145004615187645,0.01989898458123207,0.0009172090794891119,0.0008985425811260939,0.12614903,0.12246928,0.08929641346658457,0.00573033795540967,-0.00024602003395557404,-1.8666498363018036e-05,-0.003679745
001485.npy,30.149444644576086,30.231125863951434,0.8122926793051883,0.8223846600456833,0.021611057221889496,0.021308308467268944,0.000966174469795078,0.0009481726447120309,0.12139811,0.11543289,0.08168121937534778,0.010091980740494999,-0.00030274875462055206,-1.800182508304715e-05,-0.0059652254
001495.npy,31.569434482648976,31.624986507001527,0.8407074090513028,0.8450378941873267,0.014550977386534214,0.01430078037083149,0.0006967172375880182,0.0006878620479255915,0.09682625,0.094229035,0.05555202435255069,0.004330485136023854,-0.00025019701570272446,-8.85518966242671e-06,-0.0025972128
001496.npy,29.06431149743739,28.932044993865183,0.8473770970272422,0.8477534607447386,0.0210435651242733,0.021265912801027298,0.0012404202716425061,0.0012787791201844811,0.12994221,0.12811294,-0.13226650357220748,0.0003763637174963863,0.0002223476767539978,3.835884854197502e-05,-0.0018292665
001500.npy,28.000066395091245,27.98577678782088,0.5741862875654213,0.5718730979906619,0.031177334487438202,0.031219162046909332,0.0015848688781261444,0.0015900922007858753,0.22190477,0.22166207,-0.0142896072703671,-0.0023131895747594555,4.182755947113037e-05,5.223322659730911e-06,-0.00024269521
001515.npy,25.387508153738455,25.42395622195098,0.6647075712138414,0.6674767514894009,0.0382876843214035,0.038202062249183655,0.0028923386707901955,0.0028681664261966944,0.32940716,0.3283778,0.03644806821252544,0.002769180275559502,-8.562207221984863e-05,-2.417224459350109e-05,-0.0010293424
001520.npy,27.48040158041293,27.471743701363884,0.7585598869467955,0.7568461346167465,0.03225689381361008,0.032307446002960205,0.001786322332918644,0.0017898869700729847,0.2277149,0.22667225,-0.008657879049046358,-0.001713752330049001,5.0552189350128174e-05,3.564637154340744e-06,-0.0010426491
001522.npy,30.03553559699145,29.984341684699515,0.833114624862194,0.8317684516023621,0.023553241044282913,0.023656118661165237,0.0009918510913848877,0.0010036119492724538,0.16836657,0.16799445,-0.05119391229193582,-0.0013461732598318843,0.00010287761688232422,1.176085788756609e-05,-0.0003721118
001527.npy,34.561384309647124,34.94350357654292,0.8728505066978485,0.884324861939773,0.013131033629179,0.012585687451064587,0.0003498336300253868,0.00032036835909821093,0.087020576,0.08086764,0.3821192668957991,0.011474355241924528,-0.0005453461781144142,-2.946527092717588e-05,-0.0061529353
001528.npy,23.397927701005848,23.453724794291183,0.6342656298482767,0.6352574907568341,0.04746822640299797,0.04709465429186821,0.004573063924908638,0.004514685831964016,0.38044426,0.378056,0.05579709328533511,0.000991860908557407,-0.00037357211112976074,-5.837809294462204e-05,-0.0023882687
001529.npy,30.192810846341516,30.190549568230804,0.6663821269746945,0.6624799365461347,0.023275522515177727,0.023273585364222527,0.0009565746877342463,0.0009570730035193264,0.1856695,0.18556994,-0.002261278110712084,-0.003902190428559771,-1.9371509552001953e-06,4.983157850801945e-07,-9.955466e-05
001534.npy,26.70822103731785,26.77081572248791,0.8086849788500984,0.8179973322562119,0.024552710354328156,0.024062152951955795,0.0021339189261198044,0.0021033831872045994,0.20370485,0.19823205,0.06259468517006184,0.009312353406113472,-0.0004905574023723602,-3.0535738915205e-05,-0.005472794
001570.npy,28.30440886840051,28.278936507944298,0.5650684574291706,0.5525142423536777,0.02995912730693817,0.03006872534751892,0.001477607642300427,0.0014862995594739914,0.23854196,0.24009918,-0.02547236045621304,-0.012554215075492814,0.00010959804058074951,8.691917173564434e-06,0.001557216
001579.npy,34.32353955493842,34.34130829104784,0.9044933247060776,0.9089879096655845,0.010789843276143074,0.01066439226269722,0.0003695269115269184,0.00036801808164454997,0.083229944,0.08112999,0.017768736109417205,0.004494584959506942,-0.0001254510134458542,-1.5088298823684454e-06,-0.0020999536
001585.npy,22.755388628281974,22.738279378555287,0.6862544194061253,0.6822127459310554,0.04832501336932182,0.04843328520655632,0.005302261561155319,0.005323191173374653,0.40472364,0.40492547,-0.017109249726686926,-0.004041673475069896,0.00010827183723449707,2.092961221933365e-05,0.00020182133
001589.npy,22.371734161374384,22.431723990201004,0.7236951394127906,0.7249717839407577,0.047831639647483826,0.0474841445684433,0.005791973322629929,0.005712518468499184,0.39674756,0.39290407,0.05998982882661963,0.0012766445279670524,-0.00034749507904052734,-7.945485413074493e-05,-0.0038434863
001597.npy,27.477530914615556,27.49476393472515,0.7559447437637281,0.7576592515711449,0.028663629665970802,0.02873293310403824,0.0017875035991892219,0.0017804246162995696,0.19819187,0.19626561,0.017233020109593156,0.0017145078074167763,6.930343806743622e-05,-7.078982889652252e-06,-0.0019262582
001603.npy,25.363964094942823,25.432702470217063,0.7441649360372871,0.7462916200403078,0.03951716795563698,0.0392659455537796,0.0029080614913254976,0.0028623961843550205,0.338761,0.3362027,0.06873837527423987,0.00212668400302074,-0.0002512224018573761,-4.5665306970477104e-05,-0.002558291
001631.npy,26.95287259586351,26.98001163581777,0.8428909341897667,0.8431729214360342,0.030439861118793488,0.030409101396799088,0.002017031889408827,0.0020044667180627584,0.23692195,0.23737323,0.02713903995426037,0.00028198724626748994,-3.0759721994400024e-05,-1.2565171346068382e-05,0.00045128167
001634.npy,29.135134673914642,29.18485446557432,0.6205135110347271,0.6213752380174399,0.027553800493478775,0.027411572635173798,0.001220355974510312,0.0012064645998179913,0.17609912,0.17435795,0.049719791659676105,0.0008617269827128071,-0.00014222785830497742,-1.3891374692320824e-05,-0.0017411709
001636.npy,20.766371140547797,20.80731646074078,0.7770538068145523,0.7793632050472659,0.052431877702474594,0.05230119079351425,0.008382294327020645,0.008303636685013771,0.41943267,0.41502082,0.04094532019298214,0.0023093982327135887,-0.0001306869089603424,-7.865764200687408e-05,-0.0044118464
001638.npy,21.803368481354276,21.847876802667024,0.7137889217047086,0.7140118544946965,0.05123361945152283,0.051159556955099106,0.006601812317967415,0.006534499581903219,0.4427508,0.44017443,0.04450832131274751,0.00022293278998786192,-7.406249642372131e-05,-6.731273606419563e-05,-0.002576381
001643.npy,33.35046741502739,33.30969193956831,0.8174318465437889,0.8142638490247727,0.015254516154527664,0.015293030999600887,0.0004623312852345407,0.00046669243602082133,0.12772414,0.12767528,-0.040775475459078336,-0.003167997519016197,3.8514845073223114e-05,4.361150786280632e-06,-4.8860908e-05
001648.npy,22.434590211368327,22.42743334110841,0.6449741737546453,0.6410106089392275,0.05347365885972977,0.053510308265686035,0.005708749871701002,0.005718165077269077,0.44960716,0.4491164,-0.0071568702599158485,-0.003963564815417819,3.664940595626831e-05,9.41520556807518e-06,-0.00049075484
001661.npy,29.586617761335845,29.621396746566447,0.8964581789274215,0.895073436823368,0.024505745619535446,0.024607110768556595,0.0010998620418831706,0.00109108944889158,0.14769134,0.14336008,0.03477898523060219,-0.0013847421040534824,0.00010136514902114868,-8.7725929915905e-06,-0.004331261
001663.npy,28.037300975667524,28.141435185057112,0.8554601945908777,0.8580760664230883,0.029362637549638748,0.02916606143116951,0.001571339089423418,0.0015341099351644516,0.18522444,0.17870548,0.1041342093895885,0.00261587183221057,-0.00019657611846923828,-3.7229154258966446e-05,-0.00651896
001678.npy,27.857063568144945,27.905751029318466,0.7541706474144719,0.7565178394772988,0.025842582806944847,0.025714432820677757,0.001637923764064908,0.0016196637880057096,0.20819016,0.20628068,0.04868746117352174,0.0023471920628268528,-0.00012814998626708984,-1.825997605919838e-05,-0.0019094795
001682.npy,27.667246007760532,27.78796302201265,0.8863622012773175,0.8896636689447984,0.02637299709022045,0.025997282937169075,0.0017111001070588827,0.0016641929978504777,0.19009021,0.18601538,0.12071701425211856,0.0033014676674809618,-0.00037571415305137634,-4.690710920840502e-05,-0.004074827
001685.npy,31.122048788909407,31.310703674149085,0.8859450885154306,0.8937531206076145,0.020024321973323822,0.019686739891767502,0.0007723161252215505,0.0007394853746518493,0.10831244,0.10328834,0.18865488523967855,0.007808032092183836,-0.0003375820815563202,-3.2830750569701195e-05,-0.0050241053
001695.npy,25.698206342697475,25.7436989352809,0.843347902890488,0.8485435158281941,0.030365075916051865,0.03003564476966858,0.0026926470454782248,0.0026645883917808533,0.24011791,0.2357259,0.045492592583425306,0.0051956129377060956,-0.0003294311463832855,-2.8058653697371483e-05,-0.004392013
001696.npy,27.729096302336025,27.670332894464114,0.8955634107511092,0.8947293316603004,0.018923135474324226,0.019075941294431686,0.001686903997324407,0.001709884381853044,0.1372436,0.1372966,-0.058763407871911255,-0.0008340790908087925,0.00015280582010746002,2.2980384528636932e-05,5.300343e-05
001698.npy,29.025475868604225,29.025035028515894,0.5972950669488423,0.5894194829309285,0.025871112942695618,0.025941981002688408,0.0012515620328485966,0.0012516891583800316,0.18789142,0.18827766,-0.000440840088330674,-0.007875584017913773,7.086805999279022e-05,1.2712553143501282e-07,0.0003862381
001704.npy,26.98290975179685,27.00442051699243,0.8354736367925065,0.8380063133471762,0.02578236162662506,0.02566395327448845,0.0020031295716762543,0.0019932324066758156,0.1956177,0.19313473,0.02151076519557904,0.0025326765546697105,-0.00011840835213661194,-9.89716500043869e-06,-0.0024829805
001707.npy,33.5502515858585,33.62738188300459,0.891350066272974,0.89334842791152,0.015223851427435875,0.015100761316716671,0.0004415448638610542,0.00043377227848395705,0.088280395,0.08617646,0.07713029714609121,0.0019983616385460534,-0.00012309011071920395,-7.77258537709713e-06,-0.0021039322
001722.npy,26.11160656676208,26.134281464473066,0.7668255703956597,0.764179907231763,0.03775060921907425,0.03766397014260292,0.0024481574073433876,0.00243540876545012,0.31579578,0.31463695,0.022674897710984965,-0.0026456631638966943,-8.663907647132874e-05,-1.2748641893267632e-05,-0.0011588335
001733.npy,33.008583642477724,33.097913252633475,0.8134060933618993,0.8152968477050662,0.01552349142730236,0.01539547648280859,0.0005001976387575269,0.0004900142084807158,0.11481066,0.11311798,0.08932961015575103,0.0018907543431668783,-0.0001280149444937706,-1.0183430276811123e-05,-0.0016926825
001734.npy,33.59625929263558,33.673215719765466,0.8244961606224179,0.8256684695499837,0.014515319839119911,0.014408178627490997,0.00043689197627827525,0.0004292184312362224,0.10939945,0.107887775,0.07695642712988615,0.0011723089275658127,-0.00010714121162891388,-7.673545042052865e-06,-0.0015116781
001751.npy,25.780819312955852,25.731643580176495,0.5981508642340592,0.5942767022212158,0.03784720227122307,0.03815698251128197,0.002641910221427679,0.00267199520021677,0.27713928,0.27658328,-0.04917573277935716,-0.0038741620128434073,0.0003097802400588989,3.008497878909111e-05,-0.0005559921
001757.npy,32.67148094292096,32.793099809320815,0.8523617713180482,0.8569269808631241,0.016592372208833694,0.016373272985219955,0.0005405699484981596,0.0005256419535726309,0.11160015,0.10871237,0.12161886639985653,0.004565209545075888,-0.00021909922361373901,-1.4927994925528765e-05,-0.0028877854
001759.npy,32.38005320431703,32.47132177659263,0.8446165627735704,0.8491622880421579,0.01712205819785595,0.016920173540711403,0.0005780889187008142,0.0005660669412463903,0.1137711,0.11096959,0.09126857227560237,0.0045457252685874305,-0.0002018846571445465,-1.2021977454423904e-05,-0.0028015152
001768.npy,31.193909568413215,31.28425152133762,0.8418955514980853,0.8472674822955429,0.019359828904271126,0.019123323261737823,0.0007596421055495739,0.0007440032786689699,0.11046224,0.10722695,0.09034195292440472,0.00537193079745768,-0.0002365056425333023,-1.563882688060403e-05,-0.003235288
001787.npy,23.98881719820736,23.991864495216927,0.777810640519403,0.7778197902615145,0.04222429543733597,0.04201222583651543,0.00399133563041687,0.003988536540418863,0.3119045,0.31139156,0.0030472970095658525,9.149742111524972e-06,-0.00021206960082054138,-2.7990899980068207e-06,-0.00051292777
001794.npy,22.343940236670218,22.374826294661986,0.5752611039562077,0.576636852718472,0.04883456602692604,0.048527128994464874,0.005829159636050463,0.0057878512889146805,0.39669484,0.394369,0.030886057991768467,0.0013757487622643172,-0.0003074370324611664,-4.130834713578224e-05,-0.0023258328
001796.npy,31.085228251172623,31.060632479409634,0.835684156378746,0.833413750124216,0.018267586827278137,0.01829596236348152,0.0007788919028826058,0.0007833155104890466,0.15941009,0.15978742,-0.024595771762989216,-0.0022704062545300108,2.83755362033844e-05,4.4236076064407825e-06,0.0003773272
001802.npy,34.81206553562987,34.91883082333554,0.8731688979553879,0.8786825937493742,0.0128669124096632,0.012661909684538841,0.000330212467815727,0.000322193605825305,0.082185775,0.078890614,0.10676528770567018,0.005513695793986306,-0.00020500272512435913,-8.01886199042201e-06,-0.0032951608
001806.npy,25.040238533161112,25.083853825451868,0.7345609170818268,0.7368467838265803,0.04016302153468132,0.039852987974882126,0.0031331137288361788,0.0031018059235066175,0.32521906,0.32199082,0.043615292290756,0.0022858667447535064,-0.00031003355979919434,-3.1307805329561234e-05,-0.0032282472
001819.npy,31.32627659757363,31.32386201980552,0.801863684658572,0.7941361169549972,0.018614858388900757,0.01881953701376915,0.0007368385558947921,0.0007372483378276229,0.13583244,0.1353102,-0.002414577768110604,-0.007727567703574856,0.00020467862486839294,4.0978193283081055e-07,-0.000522241
001843.npy,29.438396208572538,29.448987776719537,0.7732192074633483,0.7731559350403286,0.02208567038178444,0.021950023248791695,0.0011380474315956235,0.0011352754663676023,0.17287719,0.17142445,0.010591568146999464,-6.327242301962244e-05,-0.00013564713299274445,-2.771965228021145e-06,-0.001452744
001853.npy,28.92913019122961,28.913240066928374,0.7341742272546887,0.7333948379868865,0.026631169021129608,0.026706891134381294,0.0012796374503523111,0.001284328056499362,0.18417244,0.18381001,-0.015890124301236597,-0.0007793892678021885,7.57221132516861e-05,4.6906061470508575e-06,-0.00036242604
001863.npy,29.767618976245434,29.796078164394174,0.6000923865165636,0.6009381909650993,0.024716423824429512,0.024640850722789764,0.0010549650760367513,0.0010480745695531368,0.17816101,0.17703183,0.02845918814874082,0.0008458044485356586,-7.557310163974762e-05,-6.890506483614445e-06,-0.0011291802
001881.npy,25.433511455837824,25.42967913835049,0.7388666637154594,0.7370845329546815,0.041199278086423874,0.0412542000412941,0.002861863002181053,0.002864389680325985,0.30812436,0.30646098,-0.00383231748733337,-0.0017821307607779335,5.4921954870224e-05,2.5266781449317932e-06,-0.0016633868
001884.npy,32.99437566168714,33.25368956177029,0.896945793592155,0.9059686597774997,0.014310965314507484,0.013862773776054382,0.0005018367664888501,0.0004727494961116463,0.072405204,0.06851376,0.2593139000831499,0.009022866185344758,-0.0004481915384531021,-2.9087270377203822e-05,-0.0038914457
001895.npy,24.89546733800399,24.925019950551825,0.7744612165974705,0.7751211042326279,0.03186025843024254,0.031795207411050797,0.0032393154688179493,0.003217347664758563,0.25368956,0.25179243,0.029552612547835366,0.0006598876351574523,-6.505101919174194e-05,-2.1967804059386253e-05,-0.0018971264
001899.npy,26.472380476025897,26.48907780072652,0.3796232837644592,0.3797445379994772,0.03748156130313873,0.03741578757762909,0.002253004116937518,0.002244358416646719,0.2561845,0.25499263,0.016697324700622573,0.00012125423501802013,-6.577372550964355e-05,-8.645700290799141e-06,-0.0011918545
001919.npy,25.424232902635854,25.442968643462475,0.7467292734334022,0.746710367724549,0.037380799651145935,0.03730901703238487,0.0028679841198027134,0.0028556378092616796,0.3297318,0.32902077,0.018735740826620884,-1.8905708853211856e-05,-7.178261876106262e-05,-1.2346310541033745e-05,-0.0007110238
001923.npy,23.526158396900023,23.46312378285923,0.5731130788076909,0.566074725666299,0.04632280394434929,0.04672969877719879,0.004440012387931347,0.004504925571382046,0.37234843,0.37319833,-0.06303461404079158,-0.007038353141391895,0.00040689483284950256,6.491318345069885e-05,0.00084990263
001930.npy,23.92574613388023,24.00372244817152,0.6860229516036902,0.6853939186345301,0.04826328903436661,0.04785250499844551,0.004049723502248526,0.003977661021053791,0.41956615,0.4154475,0.07797631429128771,-0.0006290329691600594,-0.0004107840359210968,-7.206248119473457e-05,-0.004118651
001955.npy,32.45974394832925,32.446415845336574,0.9236904258756936,0.9226508710530847,0.010851149447262287,0.010880603455007076,0.0005675780703313649,0.0005693226121366024,0.08851616,0.0881918,-0.013328102992673507,-0.001039554822608868,2.9454007744789124e-05,1.7445418052375317e-06,-0.00032436103
001959.npy,30.168943926606126,30.17018435968737,0.5940906305055619,0.5924116361355185,0.024565035477280617,0.02457461506128311,0.0009618462063372135,0.000961571466177702,0.17035578,0.17004147,0.0012404330812429976,-0.001678994370043374,9.579584002494812e-06,-2.7474015951156616e-07,-0.0003143102
001969.npy,28.879864430317657,28.863583951234,0.5589259593426101,0.5575400745195709,0.02782920002937317,0.027896516025066376,0.0012942362809553742,0.001299097086302936,0.21813844,0.2181015,-0.01628047908365815,-0.0013858848230392518,6.731599569320679e-05,4.860805347561836e-06,-3.693998e-05
001981.npy,23.951912314595752,23.953539874471478,0.7900032877256143,0.7906465716635883,0.04633241519331932,0.046235647052526474,0.004025397356599569,0.0040238890796899796,0.33465,0.33395565,0.0016275598757253817,0.0006432839379739708,-9.676814079284668e-05,-1.5082769095897675e-06,-0.0006943643
001986.npy,30.809724555161594,30.844236099548404,0.7743279968068563,0.7768955378544032,0.02195845916867256,0.02188357524573803,0.0008299034088850021,0.0008233345579355955,0.12666737,0.12514547,0.03451154438680959,0.002567541047546973,-7.488392293453217e-05,-6.568850949406624e-06,-0.0015219003
001998.npy,29.36118717924358,29.39993456125547,0.778336631965816,0.7787920838651657,0.0240864846855402,0.023996245115995407,0.0011584606254473329,0.0011481709079816937,0.1823827,0.18144403,0.03874738201189132,0.00045545189934970143,-9.023956954479218e-05,-1.0289717465639114e-05,-0.00093866885
002027.npy,26.1503714300925,26.1916398486147,0.7091059229897055,0.7071317320334214,0.03363633155822754,0.033642031252384186,0.002426402410492301,0.002403455087915063,0.26472026,0.26185274,0.041268418522200534,-0.0019741909562841498,5.6996941566467285e-06,-2.2947322577238083e-05,-0.0028675199
002038.npy,25.061831741667852,25.105782281100485,0.34944908774352457,0.3493686178692173,0.04386470466852188,0.04366983100771904,0.003117574378848076,0.0030861839186400175,0.3097768,0.30785105,0.043950539432632496,-8.046987430726515e-05,-0.0001948736608028412,-3.139046020805836e-05,-0.0019257665
002041.npy,17.057283213827958,17.056940741847555,0.42889160637268015,0.423635364230737,0.10952858626842499,0.10974674671888351,0.01969117857515812,0.01969273015856743,0.88669467,0.88753766,-0.0003424719804030474,-0.005256242141943146,0.0002181604504585266,1.5515834093093872e-06,0.0008429885
002047.npy,22.873611345404974,22.910413734538324,0.6854782704983258,0.6879113953203541,0.04420755058526993,0.044026799499988556,0.005159871652722359,0.005116330925375223,0.326484,0.32242867,0.03680238913334932,0.0024331248220282875,-0.00018075108528137207,-4.3540727347135544e-05,-0.004055321
002049.npy,32.64744775256642,32.68308027735553,0.8674533996934295,0.8696603390646875,0.015274488367140293,0.015145329758524895,0.0005435696803033352,0.0005391280865296721,0.12141286,0.118577026,0.03563252478910783,0.002206939371258043,-0.0001291586086153984,-4.441593773663044e-06,-0.0028358325
002056.npy,29.004568450538674,29.12275311938348,0.8592937007520198,0.8546608371684551,0.022506512701511383,0.022439295426011086,0.0012576017761602998,0.0012238400522619486,0.1727067,0.16948754,0.11818466884480472,-0.004632863583564739,-6.721727550029755e-05,-3.376172389835119e-05,-0.0032191575
002061.npy,27.74406387405872,27.802845800742794,0.6769295667725951,0.6781404725868637,0.02978232502937317,0.029640711843967438,0.001681100227870047,0.001658499939367175,0.22117169,0.21966025,0.05878192668407323,0.0012109058142686369,-0.0001416131854057312,-2.260028850287199e-05,-0.0015114397
002062.npy,26.988303986836147,27.05063774608498,0.6574532267928324,0.6577344008657933,0.03264991194009781,0.032537080347537994,0.002000642940402031,0.0019721330609172583,0.24525425,0.24233949,0.06233375924883333,0.00028117407296091024,-0.00011283159255981445,-2.8509879484772682e-05,-0.0029147565
002068.npy,24.50848093299472,24.51583426886962,0.6838985695770942,0.6808249423068864,0.04152386635541916,0.04159512743353844,0.0035412118304520845,0.003535221330821514,0.3431445,0.34334153,0.007353335874903166,-0.0030736272702077683,7.126107811927795e-05,-5.990499630570412e-06,0.00019702315
002088.npy,24.631831345070694,24.637693816640702,0.7004691163371839,0.7004341489296555,0.03998778015375137,0.04002201929688454,0.003442047629505396,0.0034374045208096504,0.34057656,0.34031093,0.00586247157000841,-3.496740752839678e-05,3.423914313316345e-05,-4.643108695745468e-06,-0.0002656281
002101.npy,28.184630110250776,28.18537931351348,0.8155717001581863,0.8165404853312336,0.02754632942378521,0.02753550000488758,0.0015189273981377482,0.0015186653472483158,0.18653171,0.1846692,0.0007492032627034462,0.0009687851730473263,-1.0829418897628784e-05,-2.6205088943243027e-07,-0.001862511
002135.npy,22.243270445754586,22.247233143572057,0.6500294310910684,0.645588037632037,0.05825347080826759,0.058256711810827255,0.005965858697891235,0.005960417911410332,0.5020415,0.50190914,0.003962697817470939,-0.004441393459031384,3.2410025596618652e-06,-5.4407864809036255e-06,-0.00013238192
002139.npy,26.168293670390078,26.2473235280911,0.7866174651052081,0.787344484659167,0.03552933409810066,0.03533696383237839,0.002416410017758608,0.002372835762798786,0.2657241,0.26171196,0.07902985770102333,0.0007270195539588187,-0.00019237026572227478,-4.35742549598217e-05,-0.0040121377
002146.npy,22.943505529854107,22.933184136659513,0.5967160398819088,0.5876859541621279,0.0555223785340786,0.05562721565365791,0.00507749430835247,0.00508957589045167,0.48545563,0.48664612,-0.010321393194594464,-0.009030085719780923,0.00010483711957931519,1.2081582099199295e-05,0.0011904836
002160.npy,25.301668105853743,25.315145119742933,0.7216496616025078,0.7187423102475964,0.03575888276100159,0.035793110728263855,0.002950076013803482,0.002940935315564275,0.27591595,0.27460182,0.013477013889190204,-0.0029073513549113805,3.4227967262268066e-05,-9.140698239207268e-06,-0.0013141334
002169.npy,27.600587624005684,27.56107556312514,0.8530866550002908,0.8536339872805457,0.027032965794205666,0.026936296373605728,0.0017375657334923744,0.0017534461803734303,0.18994814,0.18827227,-0.03951206088054349,0.0005473322802549418,-9.666942059993744e-05,1.5880446881055832e-05,-0.001675874
002182.npy,26.819528469065304,26.868281379268506,0.7978677803141195,0.7979715320697724,0.033211421221494675,0.03304785490036011,0.002079922240227461,0.002056704368442297,0.22236669,0.22118458,0.04875291020320205,0.00010375175565291439,-0.00016356632113456726,-2.321787178516388e-05,-0.0011821091
002191.npy,24.557733175866293,24.558565237164235,0.7779175424650314,0.7785415045948326,0.03497638180851936,0.03468130901455879,0.0035012788139283657,0.0035006077960133553,0.24346529,0.24118152,0.0008320612979417774,0.0006239621298012032,-0.0002950727939605713,-6.710179150104523e-07,-0.0022837669
002198.npy,31.351751221646275,31.448505785889125,0.8446168422914445,0.8462573449094891,0.01896894909441471,0.018805716186761856,0.0007325290935114026,0.0007163897971622646,0.14980765,0.14735207,0.09675456424285045,0.0016405026180446036,-0.00016323290765285492,-1.613929634913802e-05,-0.0024555773
002199.npy,32.87610020990996,32.89677169320605,0.8789501788378656,0.8782787115956023,0.014636365696787834,0.014656859450042248,0.0005156915285624564,0.0005132427904754877,0.11409844,0.113180265,0.020671483296091253,-0.0006714672422633017,2.0493753254413605e-05,-2.4487380869686604e-06,-0.0009181723
002200.npy,24.172400780227242,24.203323042878825,0.6328513087339792,0.632792931951649,0.04284101352095604,0.04257307946681976,0.003826131811365485,0.003798986319452524,0.3286099,0.3263956,0.0309222626515826,-5.837678233022725e-05,-0.00026793405413627625,-2.7145491912961006e-05,-0.0022143126
002214.npy,33.17564745605309,33.10681584840331,0.8430384349062443,0.839265501636982,0.014821663498878479,0.014898199588060379,0.000481321505503729,0.0004890107084065676,0.12586872,0.12612593,-0.06883160764978413,-0.003772933269262313,7.653608918190002e-05,7.689202902838588e-06,0.00025720894
002235.npy,26.66085550811736,26.602589152062208,0.7091827530788786,0.7092861226576781,0.035140760242938995,0.03551512584090233,0.002157319337129593,0.0021864576265215874,0.18323271,0.18171835,-0.05826635605515307,0.00010336957879952813,0.00037436559796333313,2.9138289391994476e-05,-0.0015143603
002237.npy,23.091589574190287,23.094365299221504,0.7589388388141916,0.7573994104230599,0.04581434652209282,0.045890823006629944,0.004907282069325447,0.004904146771878004,0.38944358,0.38906923,0.0027757250312170356,-0.0015394283911316364,7.647648453712463e-05,-3.1352974474430084e-06,-0.00037434697
002253.npy,25.204677131066816,25.34863487135596,0.5469615221080939,0.5501577854783573,0.04015800729393959,0.03967304155230522,0.003016701200976968,0.002918344223871827,0.29425058,0.2907446,0.14395774028914232,0.0031962633702633525,-0.0004849657416343689,-9.835697710514069e-05,-0.003505975
002255.npy,24.955222750129074,25.098213818085174,0.5485268008939326,0.5503857312232675,0.04135356843471527,0.04079343006014824,0.00319505063816905,0.0030915667302906513,0.3007123,0.29677963,0.14299106795609973,0.001858930329334929,-0.0005601383745670319,-0.0001034839078783989,-0.003932655
002264.npy,20.49884710269444,20.562620642021177,0.840918992713041,0.842237091308309,0.05364025756716728,0.053277309983968735,0.00891487579792738,0.008784922771155834,0.41667747,0.41269517,0.06377353932673557,0.0013180985952679913,-0.00036294758319854736,-0.0001299530267715454,-0.0039823055
002267.npy,25.646391029998235,25.670323499147514,0.8804657608282869,0.8800607457449837,0.024659542366862297,0.02454846166074276,0.0027249648701399565,0.002709989668801427,0.21233673,0.21209708,0.02393246914927971,-0.0004050150833031507,-0.00011108070611953735,-1.4975201338529587e-05,-0.00023965538
002278.npy,28.45049668473456,28.42429218862002,0.49154151181549766,0.4885332415835261,0.029490776360034943,0.029614310711622238,0.0014287305530160666,0.0014373773010447621,0.21455947,0.21468168,-0.026204496114541342,-0.0030082702319715326,0.00012353435158729553,8.646748028695583e-06,0.00012221932
002294.npy,24.167693554707302,24.207317857486007,0.7703141221475899,0.7690032502829545,0.03707972168922424,0.03684855252504349,0.003830281086266041,0.003795493161305785,0.30522323,0.3027428,0.0396243027787051,-0.00131087186463541,-0.00023116916418075562,-3.478792496025562e-05,-0.0024804175
002300.npy,25.18204095476177,25.198152255695582,0.5419834093404301,0.542116562856772,0.04367092251777649,0.043593816459178925,0.003032465698197484,0.003021236741915345,0.34665018,0.3463961,0.016111300933811634,0.00013315351634191064,-7.71060585975647e-05,-1.1228956282138824e-05,-0.0002540946
002301.npy,31.88346589732383,32.02536545414562,0.797886509155536,0.8028825893753841,0.018455008044838905,0.018206138163805008,0.0006481169839389622,0.0006272828904911876,0.123116024,0.1195418,0.1418995568217909,0.004996080219848098,-0.0002488698810338974,-2.083409344777465e-05,-0.0035742223
002317.npy,18.936212061443648,18.903441186004876,0.5335642684715544,0.5230382174417397,0.08605874329805374,0.08662332594394684,0.012775526382029057,0.01287229172885418,0.76695853,0.76915985,-0.03277087543877144,-0.010526051029814631,0.0005645826458930969,9.676534682512283e-05,0.0022013187
002324.npy,29.607268270249293,29.521694843954343,0.812050810757542,0.812102243160543,0.022572170943021774,0.022782672196626663,0.0010946446564048529,0.0011164274765178561,0.14613312,0.14501095,-0.08557342629494968,5.143240300098384e-05,0.00021050125360488892,2.1782820113003254e-05,-0.0011221766
002327.npy,29.935979639761307,29.90376449901103,0.8113259235199392,0.8107345037684888,0.02399885095655918,0.024060964584350586,0.0010148504516109824,0.0010224063880741596,0.13460949,0.13332626,-0.03221514075027798,-0.0005914197514503838,6.211362779140472e-05,7.555936463177204e-06,-0.0012832284
002336.npy,21.252084363462565,21.240018547764684,0.6128214950721741,0.610306099871465,0.056038662791252136,0.056188661605119705,0.0074953436851501465,0.007516196928918362,0.4651468,0.4648312,-0.012065815697880566,-0.002515395200709092,0.00014999881386756897,2.085324376821518e-05,-0.0003156066
002343.npy,29.248147208664733,29.302081020972057,0.7183592218913287,0.7209228889434859,0.026240799576044083,0.02611694484949112,0.0011890095192939043,0.00117433478590101,0.1730507,0.17223932,0.0539338123073243,0.002563667052157159,-0.00012385472655296326,-1.4674733392894268e-05,-0.0008113831
002363.npy,23.84653563145236,23.83489350925039,0.7748522566013003,0.774226691516541,0.04047025367617607,0.040419802069664,0.004124263301491737,0.004135334864258766,0.33605593,0.33574337,-0.011642122201973137,-0.0006255650847593053,-5.04516065120697e-05,1.1071562767028809e-05,-0.00031256676
002385.npy,21.98672415503953,21.980318632133468,0.2790131231881391,0.2753821604454006,0.060697510838508606,0.06073317676782608,0.006328890565782785,0.006338232196867466,0.4589006,0.45897257,-0.006405522906060668,-0.003630962742738497,3.5665929317474365e-05,9.341631084680557e-06,7.197261e-05
002391.npy,25.462039298452254,25.42336463401375,0.5888083511459888,0.5873439773288193,0.03594362735748291,0.036119066178798676,0.0028431257233023643,0.0028685571160167456,0.27051622,0.26923877,-0.03867466443850276,-0.001464373817169573,0.00017543882131576538,2.5431392714381218e-05,-0.0012774467
002393.npy,19.967735849450136,19.98629476969453,0.6547864974629256,0.6536862702207046,0.07115613669157028,0.0711931586265564,0.01007456798106432,0.010031607002019882,0.60642,0.6042921,0.018558920244394983,-0.0011002272422210302,3.70219349861145e-05,-4.296097904443741e-05,-0.0021278858
002432.npy,28.88663407557001,28.890458159314836,0.8713453403594478,0.8754666162900329,0.0194614939391613,0.019285401329398155,0.0012922203168272972,0.0012910830555483699,0.114410125,0.112133205,0.003824083744824236,0.004121275930585089,-0.00017609260976314545,-1.1372612789273262e-06,-0.0022769198
002433.npy,27.354780347205523,27.374782683497298,0.7415208471954321,0.7422343169208188,0.027061255648732185,0.02692180685698986,0.0018387469463050365,0.0018302976386621594,0.2210225,0.2191685,0.020002336291774725,0.0007134697253866618,-0.00013944879174232483,-8.449307642877102e-06,-0.0018540025
002435.npy,25.80107374921731,25.87840152984799,0.685589500098465,0.6898494577357869,0.03406691178679466,0.03359933942556381,0.0026296176947653294,0.0025832108221948147,0.2791085,0.27404106,0.07732778063068224,0.004259957637321898,-0.0004675723612308502,-4.640687257051468e-05,-0.005067438
002449.npy,31.704163939952608,31.796539746447987,0.8233855630505458,0.8285224454262033,0.017045466229319572,0.016747131943702698,0.0006754350615665317,0.000661220052279532,0.12512615,0.12169619,0.09237580649537946,0.00513688237565757,-0.0002983342856168747,-1.4215009286999702e-05,-0.0034299642
002450.npy,31.576297010210034,31.6841920538292,0.8187456657757536,0.8245356805121936,0.017369870096445084,0.01704300381243229,0.0006956171710044146,0.0006785483565181494,0.12801756,0.124130934,0.10789504361916613,0.00579001473644003,-0.0003268662840127945,-1.7068814486265182e-05,-0.0038866252
002454.npy,25.755139669283263,25.903162785060687,0.7917124481491637,0.7958859193925281,0.03954290971159935,0.03888041898608208,0.0026575783267617226,0.0025685245636850595,0.31238112,0.30453104,0.14802311577742344,0.004173471243364313,-0.000662490725517273,-8.905376307666302e-05,-0.007850081
002489.npy,28.930812285023602,28.972199305250324,0.623790491124399,0.6274566456215642,0.027448054403066635,0.02729838341474533,0.0012791419867426157,0.0012670101132243872,0.18032387,0.17845018,0.041387020226721916,0.0036661544971652305,-0.00014967098832130432,-1.2131873518228531e-05,-0.0018736869
002511.npy,21.740640934279668,21.77699537914989,0.4661101025355337,0.4644507399097029,0.05608771741390228,0.05584419146180153,0.006697856821119785,0.006642024498432875,0.44635355,0.44420713,0.036354444870223546,-0.0016593626258307737,-0.00024352595210075378,-5.583232268691063e-05,-0.0021464229
002520.npy,27.237130290692754,27.282412669291283,0.7587804750466831,0.7618590256408937,0.02622123621404171,0.02602153643965721,0.0018892394145950675,0.0018696432234719396,0.21147968,0.20869055,0.045282378598528794,0.003078550594210583,-0.0001996997743844986,-1.9596191123127937e-05,-0.0027891248
002532.npy,26.069272596647096,26.12530728280546,0.709493760682377,0.70862768980219,0.03446679934859276,0.034224942326545715,0.002472138265147805,0.002440446289256215,0.28992873,0.28808966,0.05603468615836249,-0.0008660708801869754,-0.00024185702204704285,-3.169197589159012e-05,-0.0018390715
002556.npy,30.197658049614052,30.21456568262586,0.8881639968087375,0.8883511622009277,0.022425133734941483,0.022423695772886276,0.0009555077413097024,0.0009517949656583369,0.15729076,0.15625937,0.016907633011808088,0.00018716539219021389,-1.4379620552062988e-06,-3.7127756513655186e-06,-0.0010313839
002557.npy,26.291707142499853,26.37068963468699,0.759466572347934,0.7603705079664089,0.034233711659908295,0.033937931060791016,0.002348709385842085,0.0023063807748258114,0.28993303,0.28682345,0.07898249218713715,0.0009039356184749048,-0.00029578059911727905,-4.23286110162735e-05,-0.0031095743
002558.npy,27.280777841101852,27.31514437673319,0.779468120599024,0.7792521927084177,0.030866671353578568,0.030728599056601524,0.001870347186923027,0.0018556051654741168,0.26188377,0.26076117,0.034366535631338735,-0.00021592789060631556,-0.00013807229697704315,-1.4742021448910236e-05,-0.0011225939
002568.npy,28.419658042235156,28.407387243985653,0.7698321689430624,0.7680976742357611,0.027587100863456726,0.027591897174715996,0.0014389118878170848,0.0014429830480366945,0.20809145,0.20753928,-0.012270798249502946,-0.0017344947073012484,4.796311259269714e-06,4.071160219609737e-06,-0.00055217743
002572.npy,30.947629204924795,30.73886429552532,0.9113338152080551,0.9096345597961247,0.019500471651554108,0.019984420388936996,0.000803964794613421,0.000843555259052664,0.101217404,0.10064246,-0.20876490939947345,-0.0016992554119303893,0.0004839487373828888,3.959046443924308e-05,-0.0005749464
002598.npy,24.465300715634392,24.499152574993634,0.8129353331362754,0.8126027152793678,0.039083726704120636,0.03898731246590614,0.003576596500352025,0.0035488265566527843,0.33056316,0.32934496,0.03385185935924184,-0.00033261785690763546,-9.64142382144928e-05,-2.7769943699240685e-05,-0.0012181997
002604.npy,28.736593886994292,28.74714980721322,0.6665719939368665,0.6687789722111523,0.027598947286605835,0.027577605098485947,0.0013376441784203053,0.0013343970058485866,0.17089346,0.1694578,0.010555920218926929,0.0022069782742858424,-2.1342188119888306e-05,-3.2471725717186928e-06,-0.0014356673
002612.npy,28.661773610107254,28.735308141931885,0.7598955389742963,0.7637184284662344,0.024843789637088776,0.024599043652415276,0.0013608888257294893,0.0013380402233451605,0.17727003,0.17477825,0.07353453182463099,0.0038228894919380974,-0.00024474598467350006,-2.2848602384328842e-05,-0.0024917722
002613.npy,30.77566676190238,30.85331836229223,0.83090175088121,0.8350848213688731,0.021570581942796707,0.021378599107265472,0.0008364371606148779,0.0008216146379709244,0.13208546,0.12861598,0.07765160038985286,0.0041830704876630875,-0.00019198283553123474,-1.4822522643953562e-05,-0.003469482
002625.npy,24.501393505693706,24.555953829208576,0.41620974627736723,0.4174348802008718,0.045893989503383636,0.04563218727707863,0.0035469955764710903,0.003502713516354561,0.32475144,0.32149446,0.05456032351487039,0.0012251339235045955,-0.00026180222630500793,-4.4282060116529465e-05,-0.0032569766
002640.npy,23.63317913196426,23.63322349006917,0.6976533768516942,0.6959941068128156,0.04444160312414169,0.04446299001574516,0.004331936594098806,0.004331892356276512,0.35228187,0.35019222,4.435810491187908e-05,-0.0016592700388785575,2.138689160346985e-05,-4.423782229423523e-08,-0.0020896494
002660.npy,26.207628431117108,26.218409861094724,0.7537551254655458,0.7519813805844523,0.0328356958925724,0.03302372992038727,0.002394622890278697,0.0023886857088655233,0.24236603,0.2406977,0.010781429977615886,-0.0017737448810934975,0.0001880340278148651,-5.9371814131736755e-06,-0.001668334
002675.npy,25.185630771908393,25.18097363034595,0.756365770489689,0.7542001260109352,0.03485956788063049,0.03505977988243103,0.0030299602076411247,0.00303321098908782,0.27589613,0.27500594,-0.0046571415624434565,-0.002165644478753781,0.0002002120018005371,3.2507814466953278e-06,-0.00089019537
002680.npy,25.88976983605185,25.90681024378814,0.7810381579619757,0.7808468481253328,0.029518356546759605,0.029476769268512726,0.002576457802206278,0.0025663680862635374,0.24857678,0.24807018,0.0170404077362889,-0.00019130983664294998,-4.158727824687958e-05,-1.008971594274044e-05,-0.0005065948
002690.npy,25.068856822512217,25.009625583097442,0.7690621922352158,0.7655135695986873,0.032990336418151855,0.03321850672364235,0.003112535225227475,0.003155276644974947,0.26449516,0.2649324,-0.059231239414774706,-0.0035486226365284423,0.00022817030549049377,4.274141974747181e-05,0.00043722987
002693.npy,34.03188761037167,34.087765803733,0.9085335314385891,0.9118538787634373,0.01438196562230587,0.014330398291349411,0.00039519480196759105,0.00039014266803860664,0.06459698,0.063250914,0.055878193361330375,0.003320347324848205,-5.1567330956459045e-05,-5.052133928984404e-06,-0.0013460666
002695.npy,22.69727871789793,22.70326938623169,0.251921018158677,0.25102321729544597,0.05828176811337471,0.05822768807411194,0.005373683758080006,0.0053662764839828014,0.43259564,0.43208775,0.00599066833375872,-0.0008978008632310464,-5.4080039262771606e-05,-7.407274097204208e-06,-0.0005078912
002729.npy,32.58085229220179,32.7036943101319,0.8750548586976529,0.8797843071275949,0.01617097109556198,0.01600811630487442,0.0005519691039808095,0.0005365751567296684,0.08809561,0.085722476,0.12284201793011107,0.004729448429942051,-0.00016285479068756104,-1.539394725114107e-05,-0.0023731366
002731.npy,32.20191320395836,32.22671959687501,0.8869466014414281,0.8891769038293473,0.01611117646098137,0.016031011939048767,0.0006022942252457142,0.000598863756749779,0.098011255,0.09610474,0.02480639291664488,0.002230302387919214,-8.016452193260193e-05,-3.4304684959352016e-06,-0.0019065142
002734.npy,27.47231712401783,27.53633191655862,0.7276947069001487,0.7313125643847697,0.029381487518548965,0.029160382226109505,0.001789650646969676,0.0017634648829698563,0.20392154,0.20159306,0.06401479254078879,0.0036178574846209566,-0.00022110529243946075,-2.6185763999819756e-05,-0.0023284853
002747.npy,30.028246184019363,30.135338875393916,0.772884116309166,0.7765527226014137,0.023548433557152748,0.023263348266482353,0.0009935172274708748,0.0009693176252767444,0.17340615,0.17004171,0.1070926913745538,0.0036686062922477447,-0.0002850852906703949,-2.419960219413042e-05,-0.0033644438
002767.npy,32.54905965529211,32.60550535910713,0.7468321415306274,0.7503481421542764,0.017649119719862938,0.01754642464220524,0.0005560245481319726,0.0005488446913659573,0.11770426,0.1152792,0.056445703815015236,0.003516000623648985,-0.00010269507765769958,-7.179856766015291e-06,-0.0024250597
002773.npy,27.18157079975784,27.142482795098225,0.7840309223817885,0.7792174877641052,0.03162873536348343,0.0318257100880146,0.0019135635811835527,0.0019308642949908972,0.24078307,0.24122865,-0.039088004659614484,-0.004813434617683354,0.0001969747245311737,1.7300713807344437e-05,0.00044558942
002777.npy,22.86947055225726,22.966349292413135,0.7482173569923649,0.7517844244981706,0.045151785016059875,0.044819239526987076,0.005164793226867914,0.0050508566200733185,0.3862954,0.3814509,0.09687874015587639,0.00356706750580571,-0.0003325454890727997,-0.00011393660679459572,-0.0048445165
002790.npy,22.99112955307892,23.00123649169864,0.46521068387658826,0.45528665781628064,0.05562736093997955,0.0555935874581337,0.005022119730710983,0.005010445602238178,0.46318603,0.4633452,0.010106938619721006,-0.009924026060307622,-3.377348184585571e-05,-1.1674128472805023e-05,0.0001591742
002796.npy,26.012218967816786,26.03634002422137,0.8255213416001224,0.8278010422126373,0.029301095753908157,0.029087891802191734,0.0025048288516700268,0.002490955637767911,0.20976329,0.2078189,0.02412105640458506,0.0022797006125149233,-0.00021320395171642303,-1.3873213902115822e-05,-0.0019443929
002799.npy,28.624692269826465,28.616922778339898,0.5005920229751691,0.4992076306254566,0.029243171215057373,0.029296942055225372,0.0013725581811740994,0.0013750158250331879,0.20934528,0.20917559,-0.007769491486566693,-0.0013843923497125488,5.377084016799927e-05,2.457643859088421e-06,-0.00016969442
002811.npy,29.399834242966556,29.476965432902524,0.6966093110637758,0.6968445524560036,0.0231846384704113,0.02301851287484169,0.0011481974506750703,0.0011279854224994779,0.18283445,0.18122669,0.07713118993596879,0.00023524139222785845,-0.0001661255955696106,-2.0212028175592422e-05,-0.0016077608
002814.npy,27.416590899708172,27.433234183715793,0.862409817796588,0.8632734336838425,0.02799045667052269,0.027880162000656128,0.0018127623479813337,0.0018058287678286433,0.18431288,0.18203795,0.016643284007621162,0.0008636158872544764,-0.00011029466986656189,-6.933580152690411e-06,-0.0022749305
002824.npy,23.838351880607348,23.88408281598184,0.7174214935667179,0.7204654121062429,0.04398100823163986,0.04368652403354645,0.004132043104618788,0.004088760819286108,0.35201696,0.34847584,0.04573093537449324,0.0030439185395250146,-0.0002944841980934143,-4.328228533267975e-05,-0.003541112
002842.npy,29.217245860297933,29.241289029712668,0.8581112198090106,0.8609723522107768,0.020572448149323463,0.020377125591039658,0.0011974996887147427,0.001190888462588191,0.12919867,0.12702617,0.024043169414735388,0.00286113240176622,-0.00019532255828380585,-6.611226126551628e-06,-0.0021725
002848.npy,29.683041107614464,29.68369912768551,0.7039106461751431,0.7048259942100625,0.023133154958486557,0.023213032633066177,0.001075711683370173,0.0010755487019196153,0.17462476,0.17344755,0.00065802007104665,0.0009153480349194387,7.987767457962036e-05,-1.6298145055770874e-07,-0.0011772066
002853.npy,20.96176514467178,20.99076825336234,0.6827094809650704,0.6822711553672962,0.060856591910123825,0.0609242245554924,0.008013523183763027,0.007960185408592224,0.53747296,0.536154,0.029003108690559998,-0.0004383255977742362,6.763264536857605e-05,-5.333777517080307e-05,-0.0013189912
002863.npy,24.83320706888264,24.879855966849412,0.7705479285349026,0.7696825319335535,0.04342516511678696,0.04319870099425316,0.003286088816821575,0.003250980982556939,0.36531043,0.36237052,0.046648897966772296,-0.0008653966013490999,-0.00022646412253379822,-3.510783426463604e-05,-0.0029399097
002869.npy,33.24532655998868,33.279940351674774,0.8079350247349516,0.809878953971263,0.016322456300258636,0.016232045367360115,0.00047366064973175526,0.0004699005512520671,0.10966347,0.108137056,0.03461379168609113,0.0019439292363113703,-9.041093289852142e-05,-3.7600984796881676e-06,-0.0015264153
002879.npy,25.96930799597469,25.997844502784062,0.8071666295156423,0.8074841674673912,0.02696843259036541,0.026806753128767014,0.002529701218008995,0.0025131332222372293,0.22677103,0.22440158,0.028536506809370366,0.00031753795174882526,-0.0001616794615983963,-1.656799577176571e-05,-0.0023694485
002888.npy,26.667575667370144,26.68192149542302,0.7571032026641816,0.7570930720896423,0.03367897495627403,0.0336604006588459,0.0021539838053286076,0.0021468803752213717,0.22899377,0.22698575,0.014345828052874765,-1.0130574539357617e-05,-1.8574297428131104e-05,-7.1034301072359085e-06,-0.0020080209
002896.npy,28.01042263916362,28.099648161903374,0.7698934383594043,0.7721111869184384,0.028444331139326096,0.028149902820587158,0.0015810942277312279,0.0015489420620724559,0.20149861,0.19902177,0.0892255227397527,0.002217748559034116,-0.0002944283187389374,-3.215216565877199e-05,-0.0024768412
002904.npy,28.212031193381605,28.26946771726704,0.7935733627404123,0.7945492273084205,0.026464346796274185,0.0262964628636837,0.0015093741239979863,0.0014895435888320208,0.2027076,0.2005615,0.05743652388543552,0.0009758645680081335,-0.00016788393259048462,-1.9830535165965557e-05,-0.00214611
002911.npy,29.50720956884808,29.491546745884932,0.6654013042315841,0.6585207341559939,0.022725623100996017,0.022771373391151428,0.0011201573070138693,0.0011242043692618608,0.18074867,0.18084346,-0.01566282296314725,-0.0068805700755901755,4.5750290155410767e-05,4.047062247991562e-06,9.4786286e-05
002919.npy,27.161466742604652,27.17346005025735,0.7650967018589359,0.7657077670409009,0.029830163344740868,0.0297953262925148,0.0019224422285333276,0.001917140674777329,0.2211486,0.21938865,0.011993307652698348,0.0006110651819650759,-3.483705222606659e-05,-5.3015537559986115e-06,-0.0017599463
002931.npy,22.020859672900226,22.042714393655434,0.44267231708062904,0.44430557028720785,0.0591554157435894,0.05903087183833122,0.006279340013861656,0.006247820798307657,0.47457457,0.47328725,0.02185472075520778,0.0016332532065788108,-0.0001245439052581787,-3.151921555399895e-05,-0.0012873113
002939.npy,27.19026636451985,27.196891051321252,0.6645213240722818,0.6630390309196338,0.03168562054634094,0.031761959195137024,0.0019097360782325268,0.001906825345940888,0.24737942,0.24649566,0.0066246868014019356,-0.0014822931526480287,7.633864879608154e-05,-2.910732291638851e-06,-0.00088375807
002945.npy,23.84945414215924,23.85401179409367,0.6925481780031473,0.6890106563732242,0.04960518702864647,0.049588024616241455,0.004121493082493544,0.004117170348763466,0.42767572,0.42712927,0.00455765193443014,-0.003537521629923046,-1.7162412405014038e-05,-4.3227337300777435e-06,-0.0005464554
002959.npy,26.680944232698792,26.684156431824654,0.6650655223663728,0.6615594512071833,0.03445809707045555,0.03451170027256012,0.0021473634988069534,0.0021457758266478777,0.27033016,0.26946467,0.003212199125862014,-0.00350607115918955,5.360320210456848e-05,-1.587672159075737e-06,-0.00086548924
002977.npy,28.131306380747972,28.161189652760697,0.6848046454856396,0.6859867193868459,0.026688991114497185,0.026664065197110176,0.0015376920346170664,0.0015271477168425918,0.20987062,0.2094291,0.029883272012725115,0.001182073901206282,-2.4925917387008667e-05,-1.054431777447462e-05,-0.0004415214
003003.npy,31.44004429196794,31.478133570620045,0.80516345606184,0.8103646307669878,0.017714830115437508,0.017580825835466385,0.0007177869556471705,0.0007115192129276693,0.123598404,0.12067594,0.03808927865210521,0.005201174705147804,-0.00013400427997112274,-6.267742719501257e-06,-0.002922468
003005.npy,24.074753427486307,24.092771208246685,0.73170499272459,0.7322727519047227,0.04113277047872543,0.04116957634687424,0.003913133405148983,0.0038969325833022594,0.35604838,0.3556176,0.018017780760377633,0.0005677591801327431,3.680586814880371e-05,-1.6200821846723557e-05,-0.00043076277
003016.npy,22.153272654412003,22.153060872736205,0.7348900606898796,0.734046490374405,0.05720830336213112,0.057353898882865906,0.006090777460485697,0.0060910750180482864,0.47710937,0.47634402,-0.00021178167579805063,-0.0008435703154746621,0.000145595520734787,2.975575625896454e-07,-0.00076535344
003019.npy,27.319841113798027,27.33377937962016,0.428103523966182,0.42814242045165596,0.03409852087497711,0.03405850753188133,0.0018535993294790387,0.001847660169005394,0.24478462,0.24347246,0.013938265822133644,3.8896485473949305e-05,-4.001334309577942e-05,-5.9391604736447334e-06,-0.0013121665
003033.npy,23.73680250904141,23.77418906863387,0.5641772658926764,0.5619796656023284,0.04846186563372612,0.048261284828186035,0.004229798913002014,0.004193542990833521,0.4074233,0.40436265,0.03738655959245918,-0.0021976002903479896,-0.00020058080554008484,-3.625592216849327e-05,-0.003060639
003045.npy,29.403499906812655,29.402552783994697,0.5513242430393099,0.5512225207249113,0.026336759328842163,0.026364225894212723,0.0011472287587821484,0.0011474789353087544,0.18289888,0.18223757,-0.0009471228179585012,-0.00010172231439864454,2.7466565370559692e-05,2.501765266060829e-07,-0.00066131353
003056.npy,23.386545577988258,23.410990376313254,0.6660846357266526,0.6645317844522944,0.042695898562669754,0.042687952518463135,0.004585064481943846,0.004559329245239496,0.35119683,0.35003832,0.024444798324996242,-0.0015528512743581135,-7.946044206619263e-06,-2.5735236704349518e-05,-0.0011585057
003065.npy,27.59620609132362,27.672106683641886,0.8209714551897646,0.8224122924161404,0.026815440505743027,0.026564184576272964,0.0017393197631463408,0.0017091860063374043,0.2159346,0.21289547,0.07590059231826629,0.0014408372263758906,-0.00025125592947006226,-3.0133756808936596e-05,-0.0030391365
003072.npy,24.199553895250826,24.19624176286891,0.8007820223981998,0.8046661004742458,0.0318269357085228,0.03160115331411362,0.003802284598350525,0.003805185668170452,0.26209468,0.25914258,-0.003312132381914523,0.0038840780760459603,-0.0002257823944091797,2.9010698199272156e-06,-0.0029520988
003073.npy,31.790560257401683,32.007649729862976,0.7894392076131403,0.802364419144392,0.017501529306173325,0.01696803793311119,0.0006621310603804886,0.0006298469379544258,0.12514502,0.11899675,0.21708947246129284,0.012925211531251701,-0.0005334913730621338,-3.228412242606282e-05,-0.0061482713
003080.npy,28.36253347895942,28.408555293374647,0.8468748816534728,0.8470719014355242,0.02423827163875103,0.024204794317483902,0.0014579633716493845,0.0014425951521843672,0.17847444,0.17698976,0.04602181441522646,0.0001970197820514441,-3.347732126712799e-05,-1.536821946501732e-05,-0.0014846772
003090.npy,25.977003911701505,26.013583573710694,0.7721581236334871,0.7731124502220228,0.03277634456753731,0.03266242891550064,0.0025252222549170256,0.0025040421169251204,0.2691644,0.26741382,0.036579662009188496,0.00095432658853567,-0.00011391565203666687,-2.1180137991905212e-05,-0.0017505884
003092.npy,27.28701906664358,27.310991446141767,0.6528645223761709,0.6538694651208687,0.03125615417957306,0.031151967123150826,0.0018676611362025142,0.0018573804991319776,0.23207784,0.22993354,0.023972379498186314,0.0010049427446978676,-0.00010418705642223358,-1.0280637070536613e-05,-0.002144292
003105.npy,32.370005208279004,32.24798612266952,0.9194755707393503,0.9201450417160615,0.011755397543311119,0.011829601600766182,0.0005794280441477895,0.0005959384725429118,0.08733992,0.08648586,-0.12201908560948027,0.0006694709767112172,7.420405745506287e-05,1.651042839512229e-05,-0.00085406005
003107.npy,33.04371207544691,33.005083451308366,0.928385794761531,0.9294999457159638,0.01069455686956644,0.010639650747179985,0.0004961680388078094,0.0005006009596399963,0.08049207,0.079394266,-0.038628624138546286,0.001114150954432791,-5.4906122386455536e-05,4.432920832186937e-06,-0.0010978058
003110.npy,27.705945446211334,27.73781258899117,0.7541393521114849,0.7555637414713565,0.02955116145312786,0.02937909960746765,0.0016959202475845814,0.0016835217829793692,0.19021426,0.1877538,0.03186714277983427,0.0014243893598716584,-0.00017206184566020966,-1.2398464605212212e-05,-0.0024604648
003113.npy,24.50751537372511,24.54797911325107,0.7734775141095128,0.7737032424767204,0.03691413626074791,0.03677986562252045,0.0035419994965195656,0.003509151516482234,0.31338644,0.31181765,0.04046373952596127,0.00022572836720757827,-0.00013427063822746277,-3.284798003733158e-05,-0.0015687943
003116.npy,32.444908431887846,32.49511097983013,0.7326321128870249,0.7354705277920961,0.018198532983660698,0.018101532012224197,0.0005695202271454036,0.0005629747174680233,0.11513421,0.113573395,0.05020254794228407,0.002838414905071196,-9.700097143650055e-05,-6.545509677380323e-06,-0.0015608147
003120.npy,35.54088528554772,35.635752591079054,0.8972028364720419,0.902429672912009,0.011812211014330387,0.011607218533754349,0.00027919746935367584,0.0002731648273766041,0.079618484,0.07627312,0.09486730553133071,0.005226836439967131,-0.00020499248057603836,-6.032641977071762e-06,-0.0033453628
003129.npy,30.176712948193725,30.22264090645107,0.6107065767985247,0.6110708946663802,0.023271724581718445,0.02316749468445778,0.0009601269848644733,0.0009500269079580903,0.18609206,0.18523344,0.045927958257344415,0.00036431786785551257,-0.0001042298972606659,-1.0100076906383038e-05,-0.0008586198
003138.npy,23.76272691068071,23.837906486383467,0.7107072719391976,0.7115832231041973,0.043291687965393066,0.04294214025139809,0.004204625263810158,0.0041324663907289505,0.37847662,0.37457678,0.07517957570275868,0.000875951164999722,-0.00034954771399497986,-7.215887308120728e-05,-0.0038998425
003160.npy,25.093812644571972,25.151998862963335,0.736880079331208,0.740395230279712,0.03520333394408226,0.03495986759662628,0.0030947013292461634,0.003053515451028943,0.26844573,0.26424116,0.05818621839136284,0.0035151509485039645,-0.0002434663474559784,-4.1185878217220306e-05,-0.0042045712
003171.npy,30.259427492417068,30.259205624008278,0.77424936294366,0.7736048293482028,0.021752402186393738,0.021769346669316292,0.0009420137503184378,0.0009420619462616742,0.16744076,0.16665995,-0.0002218684087900158,-0.0006445335954571307,1.6944482922554016e-05,4.819594323635101e-08,-0.00078080595
003174.npy,28.251714206844483,28.247391079914518,0.8232612902917117,0.8253179874134846,0.02368852123618126,0.023627109825611115,0.001495645148679614,0.0014971347991377115,0.17960379,0.1778005,-0.004323126929964616,0.0020566971217729213,-6.141141057014465e-05,1.4896504580974579e-06,-0.0018032789
003185.npy,24.645869753955946,24.674196320409685,0.7999047819346413,0.8002606654835325,0.040566690266132355,0.040432754904031754,0.0034309395123273134,0.003408634103834629,0.3539374,0.35346887,0.028326566453738877,0.00035588354889115603,-0.0001339353621006012,-2.2305408492684364e-05,-0.0004685223
